participantlabel,r3score
5384dca7fdf99b381c04cbac,17
544e94c4fdf99b50bd30726c,25
54cf4c6ffdf99b46b96bab9a,8
55747e4afdf99b6752df4183,8
55885869fdf99b4020ba0b64,18
55887ef3fdf99b5a48cf2cb3,24
558955ebfdf99b6bd06016c9,27
559272f4fdf99b7e42e96932,18
559d75befdf99b1e2b2dc522,16
55b5f6b6fdf99b713277dc94,10
55b8d0bffdf99b0f2859fe73,33
55bb9ae7fdf99b26d27fda01,17
55d0761e34e9060012e5782a,11
55d51a6b8ce09000127d4821,16
55e356dac70c7a00052a57ec,17
55e876f25e4d360012cc283d,20
55eee81b9df9fe000efae1d4,16
562a2eaac8ffc20012514145,17
563fc664074be600055e9677,0
566d5997d408ea00051a2a86,22
56780a5a89319e0011644cb4,17
567dd32b4f0ef30006dbb718,6
56818073c5767f00121d21c5,12
5685850c333cbd000d4e042f,21
568708c6369319000c268f8d,3
56888951d7848e000c39a122,2
568aab53316b10000d50d76b,16
568e7e33e3ef9e000da202a7,10
56ab82d869b247000d5ccf0a,16
56b6e889f2fc70000b32f99e,9
56bd7bf3d4e2180005a86846,17
56bfcce79f7a1e0005fdca9e,9
56c81007ba8e37000d7b211e,16
56cf595331a5bc000be1c8c9,8
56d1af6521cd29000b973ff2,8
56d1f7f67bbc32000589a588,16
56d84c584a9be1000a535f9c,8
56f92b84895094000b8f485a,9
56fb454534a0d300061a5070,18
5702fde2d4cf7f00089471f3,17
570570eb61ab6a0010d484d0,17
57160a57cd6ea20011dae249,12
57165ba7c5aca2000a8d32ca,25
571bdaa76b0894001362f780,16
571fdcb14b8ecc0013c24fcb,5
572b912c3ab9df000dba9eef,29
574cca765e5491000f3c89e0,9
574ce0a57fd0ec000db73aa6,13
5763c7d096fd3c0006385bb4,13
577e1f75160201000103d95a,16
5797564b70c76a0001245734,18
57a3de9ddcff7d0001c7d35a,24
57c725d89a5f4f0001f661bd,8
57d5ab3a722df500017f3622,23
57db00fcb9fb6f0001dda512,4
57fde8979c39b3000179e347,11
5800eb53beccf8000100cb06,11
5807b8dac7b1100001138e89,15
58106d17a513590001b1ec9e,9
5810dfccaba80400016f13ea,17
581d38509b5b8800014d507e,16
582468295f4d1c0001c7c467,16
583ef6f5ad2f4300014b358d,16
5855b89fee6ade0001fa2f45,9
5858c6178604ae000165e66a,10
586d6b28de1cea0001f7a125,24
586fabdf2bd3c900018599a9,16
5883d68d300c0b000113db56,9
588938e3b08cc30001b77771,16
588a59813e1f290001aa78c1,12
5898e520979a590001d21df2,13
58a43e029a17120001d910d5,14
58a5cf959e040a0001399f07,24
58ad509da7d4580001044215,10
58dedd9f167bc20001b4a66d,11
59014a56baa70f0001ea4c3b,16
590d0c9c1211f9000142af16,16
590dd1c5584166000110eb16,16
5922fd354d88c800013cb29b,12
593675594e31b50001ce1a08,18
5942d73df8bfc00001985c3c,14
594a481105e73f0001450009,16
594a969df0ea1b0001558178,19
5967e9a831394d0001abdb3f,16
596e1edd39e9d00001b7bb98,19
596e7593b174180001756f23,17
59789a60bf453d00010a94c7,9
597fe89a1b41a20001749f57,13
5991b5cd7d29e700017303bb,2
599ab130b5566b0001aa85bb,10
599ec7dc617ca80001fcd124,13
59b859e711212f0001cd10ff,17
59bc49e93c45a10001ccc853,16
59cff8eed227970001199862,17
59d395800118340001369be1,16
59d4b084115096000190dbce,17
59d4c100078dbe0001951236,16
59d4e426c618a50001cf5cab,9
59d68c3fe776fd00015ec519,19
59dc80b77f3d71000171d3c8,12
59e481a5e75b450001a690f9,9
59e71a3b1ac65d0001eb47ac,16
59e71a97896cfc0001921899,20
59e8502b7f3d71000171df0a,12
59ef022eae9f950001d84a43,11
59ef9be762637600014a873d,17
59f8a0bbf4217300016cc405,19
59fd4a71f5b5a3000139379c,16
59fd7b4a728b1b0001ad86fc,8
59ff1a23f2e3460001eda6d5,14
5a00f2cdff266c0001d1f42c,20
5a0b06c9746ac2000157fb4f,24
5a0b42e4fe645f0001e9f480,21
5a0e9f5c9b760100013a7944,12
5a1342b7f2e3460001edbfd2,4
5a2846ceb4a5de00011af418,11
5a3a570307245d0001fc0692,9
5a460b57b77a5000014a890c,21
5a46d551b77a5000014a8ce9,11
5a496776f7b7bc00014e1150,4
5a4d194c87c6f8000137d680,25
5a4ff86beedc32000141f232,2
5a585915eedc320001426e89,9
5a5d1194acc75b00017a7b8f,17
5a5e1ae68e6259000176271d,14
5a5f4571f6c5170001954a38,16
5a6b53f3e70ca900017ab75a,8
5a70b6b882968f0001a6b12f,10
5a75d51a0f1bce0001219703,9
5a75e9c119042000015569af,16
5a7889d32a842c0001fc3cbe,16
5a870482f49c9a0001f3941b,12
5a8c5f67000dab00018cd8f0,16
5a8e886f0f1bce0001227b49,16
5a9ad69adbdb470001eee577,12
5a9bcd3f1eda410001366c55,14
5a9bff3b6475f900019ffc51,8
5a9c4162b5e2110001c6d247,9
5a9c91196219a30001f534a5,16
5a9d223b89de8200013f1893,16
5a9fa90f873cda00010d29d8,13
5aa04de4dbdb470001ef1dd5,16
5aa462af873cda00010d5b51,11
5aabd6cb44adc700014c865c,18
5aad21134ea21d000101bbff,9
5abf3b30a3ba7a0001b46efa,4
5acc6abbfa3b4e000173c8b5,16
5ad4a1eb754a0d0001622e5e,10
5ade0203066c510001d42abf,16
5ae31b59ea9a600001986fac,19
5ae88efd9d82560001bdc598,13
5aeb5aba7ed5460001572dad,22
5af1cf73c36b060001f7efe7,21
5af2a03697a14300017d2ba4,24
5af344dfdf9933000161f47a,20
5af3aa0e97a14300017d3c6e,21
5b0710e7a84dcf0001beee8a,10
5b07b71c68eff50001d1c859,16
5b098ce4e80ba400017f75de,17
5b0b08941e55760001b94b98,11
5b0d1b8e444cef0001ca66ac,13
5b100cb0a3553300017541c8,16
5b1bc42168a5ed0001737ef3,13
5b2122b319113a0001168cd4,11
5b228fcf50fde60001033592,16
5b233660648d5b0001b7de87,2
5b281303007d870001c7f24a,5
5b29ed150ec82d0001d26cf8,12
5b2e41eb1d2f710001fb32db,11
5b2fda4e530770000105a60a,18
5b472672d4c93b00019bbc49,12
5b4a3ab1bc06c90001f902f4,12
5b4b679dff74970001256d36,14
5b4ce4c8aad40700014ac066,16
5b4ec32e995d4e00010944ce,16
5b52f4933234ab00014ca442,16
5b5f35fe64516800018b8ed2,12
5b6db242d2eae00001934fd9,17
5b6f5150410d9d0001a551e4,9
5b70d5cf48302c0001ba0771,24
5b7467ea50075a0001107043,0
5b7535d184850400011a07b8,8
5b757a03976ecb0001b1168f,9
5b82e33f184f45000155f0ba,13
5b91a7f012fa940001a30997,10
5b94d08a41cfe90001c6a249,17
5b97f70161c19e00018db4a8,16
5b99663d4cefb60001e7a214,20
5b9e9390864aa900018eb8f0,17
5ba22638474398000172c47b,16
5ba248657b196f0001967f28,9
5ba641d1168e5e0001e4275d,19
5bb356db42eb6700017d5196,4
5bb3e443951bd40001f1e0fd,12
5bb5ddb068558a000125ab50,10
5bbd0782ba8d7d000194dcc4,19
5bc0941074e76c00019e9479,8
5bc913d99427200001dd47f5,16
5bcbde9d08a62c0001f86bd0,17
5bd283469afb5b00015bdd5a,15
5bd2d397f92a480001c64dcb,28
5bd6c7a7abc5ee00017a5928,16
5be097554c397b0001ec38a6,13
5be1b59a8425f6000141b942,16
5be2ef2206c23800019f4731,16
5be4c8d0d4079000014c0998,11
5be5c05fd153f500019a2ef2,6
5bed755fcca71f00014111e6,18
5bf1de1556a321000106fae0,17
5bf3150128e0b90001cabeaa,16
5bf408f7f35e0c000101693a,10
5c01758473cbae00010f654a,16
5c0558b8553fb80001191980,2
5c0c3112594d92000167bdcd,8
5c12d53683c3cb0001172e89,10
5c1655c7ad682500017070d2,17
5c1813d5d2790700010a718f,14
5c1b7b36960792000195f33a,11
5c1ebf5f658e9200017ae7e9,12
5c2004c3da51990001e165b2,25
5c20056791305c000171dcd9,16
5c28113978fad50001932f58,19
5c2dae2110677f0001dd1137,26
5c2ebf3e626018000134986f,4
5c345ebad4f77a0001a91ec0,19
5c376ea0eecc440001c58889,17
5c389923184bfd00010b4ce7,10
5c38dab0f0ae4c00011238c1,20
5c3c7913b4f22c0001a0809c,13
5c3f080b8cb6f5000180a8c9,19
5c40134b1580e900012320ab,19
5c4266e71fad93000122d5cf,17
5c439193f114f2000195658e,24
5c43a1f04dc8b90001ce5895,16
5c4723041fba0b0001fca7c3,18
5c4d1a6c9ce35100019dbc88,18
5c4e38f4d3a5e300018363ba,9
5c4f5967aac8be0001716a65,13
5c4f7b99b33a5300013dbfdd,16
5c51c71e556ac300018be1b7,11
5c55dfdcb419770001c0e8eb,16
5c56025fcb61950001038a76,8
5c57c06ed05b82000139682e,28
5c59c96e69dff80001306b0b,19
5c5ca0ce4ee81200018eaf51,16
5c5cad876d0fe50001f0390c,26
5c5ff87f8c0552000109d7de,17
5c608e91001e34000145185a,18
5c61dc8d24035400014b63da,18
5c636bc3302b1e0001e69dce,18
5c651332bcb1b40001864762,18
5c6ae4c31b9d0e000190bacc,17
5c6d67f4a9317a00011fe203,17
5c6df5298c5fd30001b83926,13
5c72af4a04d7bc00013899b3,8
5c762ce8eda5da001662be0b,16
5c7bc3f0ca5d980001408e36,8
5c7c1f95e926fc00160b4b45,18
5c8651b69a306000016f7c35,11
5c88cfc680858000011363df,8
5c8d4db8c6eef00001bd2510,9
5c8e05e7aa473f00015e5fe7,11
5c9034a2eedbd9001573ca14,17
5c927effc719fc00157df08d,9
5c93bcb1b2648a0015255c4b,13
5c98db753df5fc0016e3baed,13
5c9e119a881e9800147050da,19
5c9f4ad2bbce4600016f3771,25
5ca102f57114700016da340d,5
5ca4b562613eb10015b6e5f8,4
5cb128db0d14d3001838eef5,8
5cb4ba4be73904000194a733,10
5cb77fa063c0780017857c2e,14
5cbe1e098f939c0015c0b9d8,12
5cc86691ac689b0001118e90,12
5cca199061e0b90017809cb7,16
5cce9b46b09ec90015f3ef05,19
5cd1a622fa7c8b0001a48044,18
5cd1d1f7db7024000195cc75,20
5cdc899d48d5f100195fafff,4
5ce83f6ffdd26c00193b9611,26
5cedaba627d8ce00018469bb,18
5cf245d4639b150018eb7351,11
5cf3ce21392ca30016117ebb,1
5cf66ed8912f0b0017c50b52,8
5cfe7e8bc2acc60001196300,17
5cfebb94eafc4d001a62cbc9,20
5d04c56a0b54cc0001dad608,15
5d07ce4eb4fd5c001cee075c,19
5d092c1f7dad2200193be669,18
5d0e091ccd9c9300191cb9c9,18
5d0f9b5a905351000124f56c,28
5d13d6a2d4888600182efdd6,16
5d150669b296b500187df8f9,24
5d192384c1e685001a907257,17
5d24e4ba5018e900158d31f1,21
5d24e7aec81128001721628f,4
5d260d4255a29b0017698915,16
5d2e3cdf6835130001aa16f0,9
5d30790f326b0f0017a2a828,18
5d30c1a3bb673e00016b0520,13
5d329756062745001921494a,2
5d33589df665c6001ab9a801,18
5d337586669d96001cbbb059,11
5d34862748bf98000146b64f,19
5d35c29a467d18001981d677,12
5d3cc4bd1850400016d2bb66,16
5d3df3d633b894001a2596a3,9
5d403b7d4e509a0019f664f0,6
5d40959e4db54a0016fecb7b,20
5d41d708128a05000183c461,16
5d4252914733ca0018ff29d7,3
5d47901043518d0017bf3c04,8
5d47976c4f91710001d9fc91,14
5d4bf8571348c800174c6ecb,19
5d514a73f20feb00160b5e0e,16
5d5167d1374c5d0001b56d8b,8
5d52aab4d01b31001941a7f1,9
5d53ddf96937fb000171d892,10
5d5a48a67ca41f0001e97f8b,19
5d5bbd713348d20019c7e832,27
5d5d65f84bd7800017a4f90e,25
5d5eb07672a0690001cee147,16
5d614557fb93530016803b43,24
5d63c128888f91000176ecbc,9
5d654a1e855d77001b10dd92,17
5d67a2bf6cd320001a36cb6b,12
5d6c10948cb0f70017b1f7a4,17
5d75674dc410fd000166d2f0,10
5d776e218a8d1d00166d36a6,21
5d7a1fce27fb8a000196993e,12
5d7f74f4ed58b60016490887,19
5d7fd2a5987f70001602d95b,17
5d7fea714477a000012cc297,11
5d837955f1038a001f8d4ed6,11
5d920df12b679a00182bbc73,12
5d953b22b7555900159f2913,19
5d95fe287f664d0016591f9b,16
5d963188ed650700146ba4b6,14
5d9750fe74d24900145633a7,11
5d9b02cd4ce5d302eb84801d,19
5d9b5e2d8465bf02e1190626,16
5da0e89440b1c70014aaf74b,10
5da486f989f3800015f5a4d3,18
5da5d4ea6f5d4400138def3f,12
5da8566c033d5700135798fb,17
5da9a1659413e4001505d7f7,9
5dae30fea05d370017a0b47f,8
5db6fa3b20430d000d2eb752,12
5dba0ce7001ffa06b367c544,9
5dbecb5e30c4d737494efe10,12
5dbf5fe16849043f135aa2c0,18
5dc0257aff9c98465fc57ada,9
5dc135efa0910f0afef40b64,19
5dc6d78cac77c74d18692044,7
5dc860e9dcc83f5d2d85ec67,12
5dc97b86f375a969573c2c7a,18
5dcbcdaae41a9f869a761fef,13
5dcdb60be64aaa07c14065cc,10
5dcf402982569a08ddd84086,14
5dcfa99efd5b280bce1b835d,9
5dd2d8126ac608000a330132,1
5dd31871c5faa232d3c20365,13
5dd343f19595a13585492c99,13
5dd6d2d11228d9667276c3b7,18
5dd6e8e3e426bd67d5b1c7e0,26
5dd864447beb29822b6c1e86,19
5dd9a7ff98981d926df9ea18,24
5dde8fba82f458000c8c7c75,15
5ddee2c82e4a05e53854a5d4,16
5de21543762dc22548c937b3,10
5de398993cf27939a25abc5f,20
5de7ad0ca1a3fb7217ec3365,11
5de831cad4995d000c5fb540,0
5de83840271a1c7b0fb7ec16,9
5dee11c6d35cc34acae7c301,13
5df14a70c0b81f06aea3c380,20
5e0571b7e297d5fa932cf415,13
5e099e7f76c03b255e2b61da,12
5e0a8de6b6385332d7cae588,17
5e0f69380fb798000a199566,16
5e0fa2ede5abae000bd43bda,25
5e13ad514c81b2a01ae4aa9f,6
5e1465b599b282a6feec000b,13
5e15d85bd62abeba42692ed3,12
5e170b9ad51cf301722d91d2,11
5e1829a4388ec910efd56602,16
5e182f9a2bf95110ffac1ed9,16
5e1b2b3e4a955b350b1e0a63,16
5e1f2837d95637258ebc9ace,9
5e222506c5b5a208addb7155,12
5e2881eaa9af590560d04047,10
5e28b99e1aacba092acd8cbd,20
5e2f5b28129198070e2996db,8
5e32db8f239ceb2a8e57d928,18
5e372dfecb3c096c83115563,11
5e38777a87243b095c67543b,13
5e38e49a8445881060c60eaf,15
5e399832a6df461b2f4db341,16
5e3a9e0dfbce8a296258c297,3
5e3d33b27525e7117bd31778,16
5e3d91a08dfa83000c9f4d36,24
5e421b4bc503670be09335c7,17
5e46ff334267181cd82562e0,15
5e4761e624b17f2239a6473a,13
5e47c3608b051d26181ccf1c,9
5e493133b4bc203a048f8ce9,25
5e4db97c679288216771f059,16
5e4eb1de8e6da203e5b070ca,6
5e53eb33ef87a902f39b1b77,24
5e55b355bf80730d4682c2e1,9
5e57e67bb836e0000d222062,9
5e62b7646cf0bf04667c8683,18
5e62dfa2819b9d079c91b6d2,17
5e64f63fe8177d2669776c08,10
5e695632d40a492070942196,8
5e6977731ff38b22e8654bc4,10
5e69987e0873d600084bc920,16
5e6a6d1f833f2d021f683ea7,21
5e6a923f59a3bd04d5edc606,18
5e6b11a7704ee10c3d5e203a,10
5e718c86686c0c0b7759f340,24
5e740451f1e6520f51f3eece,19
5e789ca247422a42289e33d0,8
5e79448b2645050ebe52051c,10
5e7a2ccd69a7770604dfb352,19
5e7b804f9379140478c688da,21
5e7ca836a60b642ec70880b1,20
5e7e1679f8a96f4be83e51e4,14
5e814f98193c1983e819818f,10
5e825b5b469f7498f9b9f579,6
5e8601d90126b207e8c7a2aa,13
5e904f36cc3d6c355bbf48fa,13
5e917b152952914a6d3043c2,9
5e9409cd1dabe7246810c3b6,5
5e94acdc3d1b5780b00d12ff,6
5e98e245aa25c6120f522a40,20
5e99c8efae829502a02f6fc8,17
5e9c7d2d4473501a1a826daa,18
5e9f0bc126557006ea49d1f4,16
5e9f383061281c0c4c598dc9,18
5e9f6d2a0f600f0dc07ea1f8,17
5e9ffa9ee172201b04f1a4c6,8
5ea015577dd57200089eb811,4
5ea051f6ef1e88000bbae035,11
5ea057b821f4e400081b71a7,22
5ea057dd9d15f5000a174d3c,17
5ea060b71ce81301340a6b64,18
5ea0627f31802801d5675c08,2
5ea196f089935b04d2ee69d9,8
5ea19dcac30e0005e6e6b6e3,13
5ea2ac265b40e81cfe8296ea,12
5ea32a0ea7b59a0c92e82ac8,8
5ea433f82992293d5e604ad1,14
5ea720a669cae10d910fba3e,14
5ea96c415a6a4e068b6d1e84,17
5ea979685178b007c99e620e,11
5ea986542bd79508d1d3cd7e,13
5eaae0b28ba2df0570296c3a,14
5eab170759f5390b776df5a1,16
5eabf74457f54b1ec1692eeb,8
5eac3c1950fecd25d2d6d5ed,17
5eac3dc896a6242689110c31,9
5eadb9ba99443b0a80211eaa,19
5eadc384e00264461f74d7c8,8
5eb0598b718c920e386736cd,18
5eb199a14e303b0c423895d9,12
5eb29fdddac67500082c1089,9
5eb400dfeb119a1f67e22297,10
5ebb26c872b18c0f47c14bb4,16
5ebebcf619a604258a233c4f,8
5ec79cbd44972a1fceed2719,10
5ec99f86f5c1124c0c518fa9,8
5ecb8c295b660e710cb6fbac,26
5ecc6ffce3ca77849333e83e,16
5ed40545225e613ba9f16b57,17
5ed51b1808865206f3d88900,16
5ed68c770e41400dd0056c55,17
5ed6a80ac3b8620fd41f5fd6,18
5ed7a6ffc0996607d735bd66,8
5ed929186e439f4729693f32,9
5edd36ee4aaed5a3a0d9b6d1,12
5edeea354d54cb1a825aa8f9,10
5edff4f2ffed853362263267,11
5ee0df4ff87654455ad1cb9a,11
5ee10c33a3011311034f2cb1,4
5ee1311e3348314f4f4a8d30,8
5ee22888962eba660d273581,11
5ee235163a959e2d31a0b521,8
5ee267c69586fe718ee7c582,16
5ee55d2d0eccfc2a733ad0db,28
5ee7606915ecab01d42ddde6,18
5eea9efc609f0d1ad38199bd,10
5eecb9e2c93c1e0677084323,16
5eed39d96b25b8147870a324,20
5eef7517c8692d20c3279493,0
5ef37e2ca184db0e6896d19b,9
5ef512f59a0686144b8e6263,24
5ef52a87f04c781600ae4114,26
5ef660beebde2833d8492e58,11
5ef7c6094ffead5091899f98,19
5efcf3be07207311b09d14ab,16
5eff07d279c81803541503a8,6
5f02f1d7afde3746b6ce5117,19
5f061f46dc944614ea1be5b9,13
5f072bda6cd79c09f05284cb,10
5f0736cfad4f1e0c3c838655,21
5f09db2ef3557806b03a9b8b,12
5f0a7dec44c42c19a6c9f6d9,8
5f0b339b48213f430a2e548d,19
5f0e9896f5e4e11e12c8f5ac,18
5f0f59f3bc44f50f92845a05,25
5f1072dbfd703f084bb995f7,17
5f111456d672e8471ca03f46,8
5f146f8b9a35f72602d03ddc,9
5f1833a16e55c522eeaf4dbe,13
5f1ad337b6464a21cea3a611,11
5f1b12b7fbee1e07bfb2b5ee,18
5f1b2816e83bcd2d4563a28b,11
5f1c29f047a90a049690ef7e,12
5f1dea279f4818757f07f087,17
5f232c73d12b450ca5c68c76,16
5f25681567da711e51c043ab,21
5f25e860dd98342ce97e7403,26
5f273a1646f68e514633ee27,17
5f2f280854c3203084e218e5,11
5f369f5484d5ad083b7ce317,16
5f39a2fd2d394917284dd66f,8
5f3a94e729c8456caba57036,14
5f3ac1732efa0a74f975b1a8,14
5f3bc91327d97393a0c56178,16
5f3e788210bda10837e37fca,13
5f42966cafb00848de3c0355,16
5f4738bfa043201203a27b4b,16
5f4d968cacc80fa73143cdf3,30
5f51529b15e36638fe535eae,24
5f51947ba90f9b3ea1d2fe61,17
5f53be789fbb966fe0d97f07,13
5f540fc665e3b6148c04f10e,9
5f5619f562b184a17775b3d5,15
5f58a4009e4e760112ac30d7,8
5f58c306ee03f104eb88bae3,11
5f5a58d01989290efa8e09bb,9
5f5d6b0def06255d5119a9ba,8
5f60fa0a0543ce036fa68ba0,6
5f61371454efa10bdcfc588d,16
5f622fbe1fbbd21051cb28b3,13
5f68c1702f31dc032ac57b43,8
5f6c9d2ec9a73b06b88f19c2,11
5f6cfa7d98818114a0d8d75e,17
5f6dfe80423f152bb7a96a6f,17
5f6e71ea9dd5cb3b2bdb45b6,14
5f6e76757befe43b22307387,22
5f6f6363bc475b4ef318efb8,18
5f74c371cf5ee90cf77e175e,25
5f75285712d5ca1a99723b3a,0
5f79bca83a2eb65c0983816d,15
5f7d026c6fd2421d2dc1af04,9
5f7dee73bc8c8b044cc73e18,19
5f85f217f845b10f388f2ce7,8
5f8de19aaf4fc8163abd08f9,5
5f8e0a296626561cd3d0fb07,11
5f8ef8e63fdd230d00f5d0e4,12
5f953584d654c638ae82c4b2,11
5f96cb0772cd93035c5914fb,10
5f96d1d4c1cd3c03ad1ee15c,16
5f985f3a4bc1cf120675f408,20
5fa1636a77c875235bd8e1f6,18
5fa2e56fe794555527f2c8ef,21
5fa3f95e37e424055200c834,12
5fa4c21a04bc5912180291bc,17
5faf5be7eb05711e07faf4cf,24
5fb08ec5ddc19949a58f5a4f,2
5fb274f5557bcc848df4293a,10
5fb2a8dc2549858e85afae15,19
5fb5f30ab74f4b20cdd41ec1,18
5fb7e091a2e58b415d17ab1a,8
5fb8b141a2e5dd63494c80f1,18
5fb8d29daff3bb26b233b979,8
5fbafd1b299177bdcc7aa4ac,18
5fbb062e91513797e214827d,12
5fbf90f025a567296d943c7e,12
5fbfa186195ef82d092dd53c,8
5fc686297a22da0524cc09dd,18
5fca1ed870a25c585f1a7515,10
5fd0261b85dd3e087609bee6,16
5fd67cce91f9895969c0edee,24
5fd6b4a35025425f9acafb30,12
5fd76b7d246a3705a25c9a94,8
5fe11e55e66d7fb4fe5629d5,17
5fe39d7a3e41f786ed4b1d73,19
5fe469705312ca1c46a69898,12
5fef3d23f0b5edd6fabe8e64,16
5fefa037c9707d2dde068a38,16
5ff0379d6bfb633786fd9b27,19
5ff45beefdb6e6b063b4c520,16
5ff46a6bb890b164e9ba5f8b,16
5ffb8c5b60571908f3ac19fa,16
60008e2ee4d8c913c602e0cd,18
60023df907eaeb22b2f70789,17
6005f8260fead291c70fc06e,19
600606925db9c892b3939202,17
6007626d299a4c1474621584,9
6009f30d89becb1172102508,12
600b5191a434df19524dd1a0,10
60147f790be39349d775e4f2,15
60151380a2273d594f63aae3,13
60154af277ec314fd8fe1449,17
601b0712b0701c46459aab27,9
601c6550e46634796f5fc53d,16
601fd27860b197531ca7bdcc,13
6026e312c1e1234396ed6e7d,16
602c0fc2eff74b4748e9b41e,19
602fc626090088d257016a7c,9
6033d643f0cc960c580c716c,9
60393d92ed55293a04c77920,13
603b9be389c6cf7d0dd74fd1,10
603ceb8f82d6b0a88e6cb99a,3
603d3e53d42711c0d0c38b30,17
603f82cb2fafec01e1d6470a,11
604bfe99dcaa286218d25fca,16
6050ea8a95817a2bfddc9d09,21
605269ed69c7aac84a09dc72,12
60526cff1651517239360f77,26
60535adfff835194160cd3bb,13
6053790f2babfba77b1cfebb,8
605731872f40ec675cdf1f0b,10
605794cd71c6264c6798181b,27
605ab9d5c01d0b0fc69930c5,21
605e491b152b38b079a9ca7c,9
605e622287f0e806ffe04590,9
606479c20b621e3a22d6c0d5,14
6064a0185b9ce0ca98b5e791,16
606c2136f9fac4fb23f21934,9
606cf604adbb6982bb382881,14
606ddb0033f69d1a832059cd,9
606f9bca353fc36aba9ccb8b,11
607254cd31c9aa4682a4672c,24
60743e408fd768b1a939ed4c,8
607826462aaaafd8801142ba,16
6079fce53f74f77426b40b44,7
607ddc576718114dea38841c,8
607f179ab5b13c7618778498,16
608349d97d46ab71fc6c7111,8
60858334390f28f5a4fb79d3,8
6086c333d6eb73cfdd564e90,21
608a0175caaa968e48ae4b6d,5
608ee3228c29d0e808cc35e3,16
6091ac218e7f69f8814a5af2,17
609551c1ade88f8463666fb8,9
60990fe5302151169b0cb021,19
609c2dcbc88bdd19e0be4b98,10
609ec5e8e5a3da020adefde8,10
60a1e1f4a3707c983a98f185,8
60a2b88063b41b4e34cf7b4a,10
60a3ac51b06fa9eb29a105bc,16
60a41548e296f3e79014e8ea,16
60a4d6687102dca378b945bb,15
60a4efcabe6d8f29513a5258,18
60abbb05288f7eeb1312c3b7,0
60aff9a6354c706f21c27da1,9
60b0015eb67dca63ffe16ae0,16
60b36a96346dd63678e6cfe6,23
60bd4bfc88b646e72d772977,18
60bf8f44f1188266dd8a3e85,16
60c20abfdccab926283d8f7f,17
60c5165878a82f763c29536a,0
60c6cd8bacdf5d1f27924048,16
60cda1a1667997365f21e809,4
60cdf65714fa74a92ab98644,16
60ce350a7a082517c8666e92,18
60ce5270f1695ea416c25fc3,17
60cefee15b44bd17785295f1,12
60d0d5e930dc4a90889b2321,12
60d3b417d47497f6ae55273f,16
60d4817e29759c91a36132e2,7
60d6f4cb73fd348e166830b2,12
60d991b9d1168504ac7b5136,26
60db380112e336c6450e22ce,3
60de4cc94dfda4d9e1948e6d,11
60e05286953f8b51d4f6661c,9
60e3909f3ccba8f4df5e5848,16
60e49d8302404edb1e133168,13
60e569c7dcbffadf24aa1ad0,18
60e67bc1585c7158f6f9116a,25
60e845f301f5a5901200baf4,15
60e946b21766932f648d56e0,18
60e990a445aa4bae855c303f,9
60ebe66b7b32aea5c8a892df,9
60ed501279c68ea1a313d0aa,10
60ede71b5261321901a2a31c,13
60f154e3b41e8202276ccc73,16
60f1fa8f73bf9815c88dc8cb,9
60f4696161736ffaef73b434,11
60fb03b73448287eb43f0706,12
60fce0bedbae8b8996c93203,20
60fd00abc3abd38c0302fde8,20
60fded771d362f0624a42a38,22
60fe8de5380ae67bf7370ac8,11
60febe4bb7d1055665da0413,16
60feca9223aed7b785e6018d,20
61003c2003503aa8e90b6a31,19
6104f643566bca4643370eba,17
610525c46749d49578a452d7,25
6105ba07b4fa0867eaed2f5b,14
610713aeac4904cc5d90e76d,24
61085127e5234dfd63a0c740,17
610b64dc95ff0ef5b5b9ac6b,18
61113f20a9497a72b0c1ed6c,16
6111739b4db1a934aa0b1a6a,17
6112c7a6b0cc80578975e648,25
6112d76b0e4c125f011bfb8e,0
6114ba31072fc0bcc226b89d,16
6116754fdcf6e3da227e654f,10
611a8d23c1d17506a23df589,5
611c0facb9bce2c353d5279b,17
6122548871de12f3a454e5cb,26
612266b4f9ae4a5d04a21dd4,10
6123eea8454d11a4aab5f42f,8
6128ac21a266b9cf5decd445,14
6128d76bf2f6b1df98035506,16
612cc22830e71399b7a86841,4
612d3e13048ec2b299126be6,16
612f4efe7a2e36e60e3254a7,16
6130bf45d26aace770c8a217,3
61329bcf0acf6721508f7ed1,10
6137d3b8b1252a85f556d3d8,18
61381d5a9e64a57c2094498d,16
6138e9d4aa1428328bee7cf3,2
6138f7e0ad42e592ca5f2024,4
6139bb7008f1e7f556c8b7d2,17
613a32539be30e10dca2c288,16
613b007b4e9cc4ef5a63f334,19
613d0bef49567e90a537d4d1,16
6142013d4dd8ae5ca2b4329b,12
6143af8721d1445864c4f6c8,11
6143e022ec8dfbce17b7e211,12
61446a1ecda939d3c22d9787,16
6146548679f86b7cb069e7f7,16
6146f8473af59b2f858aa2f2,17
6147213e9333ddd0c65b3ed3,24
61486ad7059377d6f08fd91c,20
6148b597f5f939a93d3b9745,16
6148bbcd519a30b146897026,11
6148beccb767e62c451ce7bc,14
6148f3d1074988c7852c1774,13
61496cada4d62f06804fa610,11
6149d516a3c16102a1a816bb,12
614b48c503acbabe9a1f2769,8
614c3ad2075d2710db4dc03e,10
614df174218d02dcb98b96a7,9
614e0468bbbac16be38fa13f,13
614ff24d1d1982c8442aad56,13
6150792b260ce6cdd47941c9,6
61517957a9ccf240eb5e5231,20
615239af65358edf57e7a095,10
6156e5a04232a8cff11724d6,13
615875cd00a23fb41e865fc0,11
6159ffae3dec28bbdc15a715,14
615a170c6eca532c6f57e09c,16
615dd5ed4fd5b2c64eee7e99,18
615ec4f34cb81d7e58fa144c,9
615eca41d537883c96fc9eec,12
615f097035d3a6a38238039b,16
61646e7ec3accfb9d8334ad5,8
61664028d0451f1bf8b9b031,14
6166c2849af8d8e1858e3b14,16
61673b692a55fba0f6b8abf1,20
61680035775d6be6c3034464,16
616c98c5821cbeeffb348e40,11
6171849094893d838e6e6f62,9
61764e1beb549c53760eaab7,19
61bb36eb40db417c1a13895a,28
61bb389740db417c1a138cad,16
61bb396840db417c1a138e3d,12
61fa9085d42cb19beec4915d,18
62029a55ef1cb18a1337c61a,17
62029a95ef1cb18a1337c695,17
622a11c552b2b35bab72a39c,8
622b9908a530683a9c67740b,8
622bb4f79c52ad04bb91e752,16
622f7f35376a1f92763ddbe2,5
6234afc11b0f28d2f618991c,16
6234b3775193f8e94ee8c626,9
6235d96c087939dba5586d97,15
6267a4624333d6f655d22fa9,11
6277dd39dea28b8907aeef70,20
6278270bfb2439bf3abf192d,8
6278f2c1db1a5b8b12b94a21,10
627966f3451caac7a46ca880,17
62799c326b24bdc32fd8d4b0,10
627bbdcbf1475a64687a8cec,16
628b938b2a14e5c3e9ede879,9
628f827eeb876ed2617881e7,18
62926f5a375553f13d68bc92,9
6294b77f8782497d0f35bd25,11
6294ea804cdf1298eefa87ac,4
62989737409d018c733483c1,13
629dd4199343d7710fcdb39c,15
629e3ebd335abaaefd1111db,23
629e5d789a6c92c8fbf8df95,10
629f2a9c3effb1dc81c49116,21
629f2dccc6e91be06559e2f1,16
62a0f99814d73df8032871a9,16
62a2548381f399e5f4f52746,9
62a33f629f9fe91f831c2afc,0
62a3be0d93b8dd1e69b4317d,5
62a6c39ce82d993784c0b352,15
62a74daa695f792361470dd1,12
62a74fec726aac54b9e43d75,10
62ab399e15b98baaf3099d60,18
62b08773cf2ee3e1920099c8,13
62b146e365eca239ef0dbbfb,13
62b1ca10f34adfd4c7a2449f,10
62b1e6851cd75aeb7e03e00e,24
62b2510090c080a481c2c8ef,14
62b33c9875d3ea1a7812f232,2
62b39c0ea0a9909088d4270f,8
62b4370c9a89e5a09c4447de,15
62b43d3e4927e5aa132d760f,12
62b5da77688feb883eba275d,16
62b83b38b58d74dd0efa46c5,25
62b984dec02e2435d603008b,20
62c08fa6cab36e3a08790b49,8
62c4223a1f32b720c8f30148,24
62c44d672834a5c5ce7362f1,9
62c7e2035db496124cf69b56,16
62c836b4ac581a6d7d8ce1ef,9
62c9ed717a2882d689eb27c1,19
62ce9e5c0d6c8df3051e01ea,17
62d0880f5ba6d972d1bfc63c,12
62d133496cf7f774b8bf98a0,5
62d488043c7590e53ee7683f,11
62dcc5dc8fcf471ec987e7cf,11
62e0251cc2818b23981bfa87,6
62e02a2a855dd1f36566ea7a,19
62e097c92160176b0b9c2619,14
62e3f7b224ec70641fd86b7b,24
62e4fb6ad37e7941bc6dda4f,16
62e641e757a7c8640079fbd9,14
62e94b3be07988f8f0f814ca,22
62e98b16791977c7b8e645b2,15
62ea57db8ebcd07b26b66eec,3
62ea886b85096aa584310ad3,12
62ed040473cc253bdb75b3bf,12
62ed295992e96666a65cedc1,10
62f4904296e62ae6c19127d4,10
62fb7a556d690575998ccb79,14
62fb8e94ce94179d6a4e8277,20
62fbc9730a4b70bcc1c942b3,13
62fccb9647eb07d62e9b6baa,8
62fce9a6d7fa7bc8559d6ce1,16
63003bb4d6f83995fb271ba3,16
6303804fd94877a252e0d82f,16
63052f20afc39e87110eb83e,14
6308dca0fefa374b1d697aba,20
630b7edba049cf405f50aa89,9
6310ccbda708843d8c079b6d,16
631610af8e747093cd90e00d,8
631623dc8a64a7f2d743deac,5
631647a0bf6e0dd403e171c2,9
631745d0e4433095276973e4,17
6318e2c61780455450fe4199,6
631a7e87e82e9f1c74a68d7e,14
631f6e0b69d34cd131d923f8,4
63222311994c6e4c35bb2a55,9
632b3639f61612815d100608,10
632b9d9bc38454f47019295c,16
63337737be6252ad76e5f983,16
63457ca6ea7e55d2491ec3fc,13
63468b4dc2726a47dac86511,25
63469662d9e84d379f52c166,0
63469f35701f6b1eb1e76b1f,16
6346c49dbe9e9ee7946d6ebc,18
6346c87f6c3fc6c26d3bd2a9,14
6346f29c47d00fd118ae60ba,16
63483c4522d65d46028da7a7,19
634842a70942fb4ba6aa1e88,19
634d7250a9dbe47b2b1d110f,18
634e7bbcec6f28ed59e5bd59,19
634e9bff0e8c21e97c621cb1,11
63614899ad49a91f1ef09067,18
6361661d1e9f0ed11a83645c,13
637b9edf2a2055bf16796ae6,12
637f7e8a1ba8e6e1cc969beb,14
637f89ffcbf20bd680c0d79e,19
6382a4cdf6fc083a8c910c7a,16
6383abf886c60b9ad27e8d44,12
6384704a7b906e6298d5087f,14
6385176faa1fd90c21cd7cb0,16
638612440ec47409005d14da,14
63871b9b1348fcc9c891db01,17
638a3fd5992f01b81d0e1e93,12
638a66471585cb7583285740,11
639b6f709020ae5b16daad25,17
639fdcf5efa9e98ed809d0df,6
63a3375101319bb7cb39f654,10
63a77363dd6fabebef211019,4
63a9a8f2f098b7e45bd03721,12
63af62a1d6cc4166b7a6e646,1
63b726bd148ea7d9910f50d2,11
63c729dc513a1d0918f99d98,6
63cff02ee037183a8c260ea8,4
63d00f33d7efb157962e105b,11
63d038b1a4c7fdf5bb9259a0,16
63d076d846d3d9dc35910778,19
63d13ca3a2e69ec8e19569f2,9
63d14977a22dee1760f8770d,12
63d161e70272bba9f3f70980,16
63d29a1e50cf0f82998d2564,13
63d3f940fcdb352e6bfd9715,16
63d3f951dd046a4bc2b9cea9,10
63d3fb4fd3c313dca0920312,17
63d405a83ba700cc5bb12e9c,17
63d408a690705bd9c54c50a6,16
63d420b1d5b7dc6a3a4c50aa,2
63d447dff5d5b197f0d02275,11
63d466295bd9af16a5e3437b,24
63d5115ddc01107ef6d6c988,9
63d68acca98cdd2bf385cfad,10
63d6f725f81a32a4bbce7c89,17
63d79c177448168e7afd6930,17
63d79f49175ff7b8a55787b7,20
63d7a26f594b17eba6a83328,16
63d7b16595cb392c4501cc1e,18
63d7b30ddc8ceb61c74fe85b,16
63d7b81d79044b73bfb50952,17
63d7c4b261d53fcf4f1dcd64,24
63d7d6cae0accfd4f01d661e,17
63d808c00c856c87a08cd7a8,17
63d863ab3ccec5d222287168,18
63d8c92d2f5a27eb3c7edb89,16
63d9cfec2060a424e3495756,10
63d9e1f02776bb4b5cd8e5e1,16
63da6f2e309a94d0e03079b0,9
63da9d744c860382808770bd,5
63db79878f04250ca75fbcbb,20
63dbddb434d075a0bff1dbc7,16
63e52076fc677ee3ccce9a4d,11
63e53d570132a56f38a678ee,10
63e548215b42b3f3aa069dc2,19
63e554b7631c8ec3ce069e32,18
63e55f03b3c1f7481cec6eb9,10
63e5885f80bfde889d559aa9,16
63e81d80c54091b652b1b8e7,17
63ea46ac57c552d3b4ff83bc,11
63ea6344bf5cfafd40b0dce2,16
63ea88e62f54ec96a1f8dadb,17
63ebd39a63bb79b50d438ab7,17
63eda5a4a87d8bd73853fa8e,18
63eeaf9f8433c653dedbd574,6
63ef9075e5af59d34db2fe5d,18
63f2cff7f0a6f682868f2ca0,2
63f77983c22478f8fb1d79a8,29
63f77b2aa0d776f479dad4e8,16
63f79c4cffb2e2a2ed84f060,13
63f81021ab46acf095efff80,16
63fa47854a6eae0d497059e5,20
63fbd3e8b4865c6e1fb04614,8
63fcb1bc5430196e4e652913,12
63ffcb367b500c516d0648a2,10
64007622a1b9dbf7a50405cb,9
6400d9b9ff7296c2bce939ef,20
6400df45e639d203b8518cad,17
6400e0dd862feacb579475a8,12
640349ae900739316aca0f9f,9
640485331e13a7bfa4a43d46,16
64125a2a86177f9e395541f1,25
6413573794d196f457448a39,12
641359b5040c453203e2c088,0
6413799cf7721ee0ce637e09,23
6418dc6fd0f852a233a10350,12
641a43f78351cc4fefe31190,7
6426cfe964863ee2ff26642f,16
64275e53f51a5ed4f6b7d019,19
642c017454a2ad4b871f3dbf,12
642edde09e616b33709868d0,0
64359e5b9995e7d3b31bc2fc,16
643abe2183fc66157d8b0b9c,9
643dca3c6518c6dd819796f3,10
643ebfff661435ecda5a3580,4
643fd27bdf8bbe600ff7fcc3,16
644016d98e4c23d7fa37632e,16
64416693b9184dbb9b169324,11
6442eafb1f2addb162d50517,18
6443ebb84fc33e703937a6f9,11
6444b1e677ebe8b4e2c23abd,13
64455cfdcc83f30266ad2345,16
6445b13023ac3b3eb202881f,12
6447b565df936347833ab73d,10
64481bca476d6bfbae2066e2,10
6449103e84f82d613e8d6d73,16
644a9152838d4d270af3b94f,9
644dd62589aee554eb07c017,20
64623fb9c31bd4da22cb60fd,20
64650afa150778d11c8b81db,9
64677608fcea37852641c1d5,16
646b776eca37542a899c1de5,11
647003e9da103f564525356f,15
64727ea9591087aef21f3dcf,18
647652cb5644044df439e1fb,9
647845ab90c460ec4a86efba,8
647849063b9fd9be24803727,13
647d380660e059e1612303e8,15
648377e2d90103fb05768d81,11
648646988a5170373da06a9e,16
648978eef0a4e73b67c9c153,12
648b0da96c691f55898087bf,13
648dd5ff84a1dfe40201f286,14
64b7ead0f4ee022ce90b7339,9
64ba9642130597dc3e7ee6bb,12
64bbe3ccf05e537a07257be2,18
64d1362c539c9befa2bfc914,9
64d5219df0415c9a7c609c19,17
64fa825ca23617b750fdb4c6,19
64fb3be137d2bd2bdfab8ba6,8
6501bb247a918443bb34fc33,16
65099be3415f7ca701bb2a0b,16
650affc9502d6cbe607d5a7b,17
651eea44194fa8c200606af7,18
652177a98948564c40f43f99,21
652809036a4ca0c161cda6e7,2
652942ba7a6bc3c9f6aa792d,1
652d7dba5d44f06ce555795b,9
652d8a4cd08c6435db58fd9b,16
652d8afc5aaab078ef2baeb3,13
652ecb92078fe073ab29b920,0
6530316e660f5b8d9c11c00e,24
653159b776e14d9172042058,18
65327cae4fb10f7a6e444b6b,10
65368c3a27f9818abb93b30f,12
653703627539f3a8b2ed4af3,22
6538fe8110063843a9f5c2b6,3
6539136dbf3e86f94f401083,8
653946cbef89fd6232a8ec50,17
653ab786a5162b73aac38bc9,15
653bee4e20de33bbd08c46c5,16
653d14bc14d143d888af01b0,13
65429041aa9bde9216c53dc2,4
6544b6b0048c6646e5bf4db8,5
6544fd23649b492ec6242947,17
654514db35400eff3daddcf5,17
6547a144c2b79e88bad24eab,17
654cec9d03f822b4b2b4133a,16
654e6a0bf9627c63cff956a7,19
65524ce2443c9df5aba5960c,9
655505e7a601c885f69e29c2,17
6557bcf605279f9c3e10c6cf,11
65595aaabe1790ca0d744fbc,23
655b6a0d11066d07716ab0b5,16
655d867ce204d4f63c3533df,19
655f7eb9ae6c61138f8bac86,17
655fa05b1303f59972ea6555,17
65600aa7ff0c0fcf0ddcda34,24
65651805d1afb42ba1a55476,10
6566231923f79d4cff72f7d0,10
656d24ca2d90244628b2960e,17
656de94bf069f0a1446f47c5,8
656f0ce82c0ba5e95ad58a03,11
656f9199da13da6cd7f00b23,16
6575c7da000442e5a54f5e24,16
657867e466a237b839df006a,12
657fa05267050fd8b627f0bc,17
6596493da160875dd60ca0b9,13
65995e16bdbcee787c8ffc8c,10
6599760dff590951e558d1fc,16
65998003547f20229a90f812,24
6599b15ac5bd63ec64f8b1f5,8
659ab50980820849a02c0b5f,8
659ada02ac94d554396360f9,10
659d52af923c07a8e1aac79a,10
659ea43fea7c0cc45bbe771f,24
65a5418510f8dd6605fd790d,16
65ad35a96f13be31e82d4d70,16
65ad38a1b4da5762a8907fe5,20
65ae2baa95efab88c481edc3,16
65ae75b0066b2d1c8156bae2,17
65aea6a1b96c1e3bfcdb2181,4
65b3dc2f924ee9deee8b40b9,12
65b537602cf1fbd4f77c7909,22
65b902363d7d5bf26cb8c876,18
65b92135e296f28cb1a093c3,15
65bf9aeb592e888df327d648,10
65bfa2967c731d263eb29732,22
65c1158c42ae46b4f170955f,22
65c14eb17b368ee1ed773e03,9
65c2ae40c10cbd17296e6914,11
65c406265066ed6bfd836579,9
65ca7ce3db12aa7ea5156a0c,8
65cb90ace80f886a058024ce,12
65cdb896f4e7ef9789379659,28
65cead31ddb7be095dddd3ee,20
65d506eb63cfbf1718c20879,5
65df6496db01100e362d8898,17
65dfb9ef84f2b03399eecc6c,16
65e209621fce0d5fd8b3265f,16
65e4d77aff8f62cfcb72fe4c,10
65e5d4a89070326bc76fae1a,14
65e7795d1685521fd01bd49a,8
65e990a5e84fc2e731294e76,16
65e9b627677d2452e3c72b89,17
65ea41d8c31c744b580de3ee,20
65edd3b5dab4b33aaf29cbd0,11
65edebf1c2c09681c2b91185,20
65f284445bd9d57a7c6c634f,10
65f780dfe4aa3357ba290914,13
65f860a1ab03181926bce465,9
65f8dbfcf51858f174eb7caa,13
65fb799d1bb244733095cf20,5
65fc9f54bf0a6174674f0851,8
65fd19896d58d64c0d8cbc3c,33
65fe68e5b1d5c8d77f85ea15,9
6601e63cd1d87faee4745a2b,17
66042d8fc8f0421abb8ecf06,4
66043087e6f547531945bb3f,17
6604553b209208bb096e10ac,9
66045682d629a940764580ed,16
66048ef245166519a03d0fef,9
66058651f9c5fb6a8dba7633,16
6606ce9c3523446ed5777300,10
66095f32c9a782ed6acaf8fb,16
6609a35ed745fef53c0c1034,16
6609c596ac6ba651a47a15de,18
660d53ffb54d05e5ae6c56f2,18
660d96a4b0b9a45fb6fcd2e3,17
6610ca6d1c7fe8e3861d0de2,10
6610feb47a58c90ed439d79d,8
661149a91b7fad3a3d2caf0c,11
66116b936273edeae82eb481,9
66117731dd2d071debd435a4,11
6612c390357111d4d83571f5,0
661566cc7a792f3f30c15980,12
6615aed03fed011950173323,12
66199b3cd796398a2ba74e05,18
6619cb1e30cb95691a6dd425,16
661a9d90ad9d4689a46475c0,10
661d1672f01169fe41f1f001,17
661d4230dd564f5f2a226612,16
661fb778b3e844f016a38e43,20
66226b0252ed8d32a4c59ef8,24
6629396278644f7ca5e5d017,9
66293a5710fb93854b181793,10
662c299e6db88649ff13ccae,16
662d641b6cddce705ad8558e,14
66300ebc7bdf6f53198b7eba,20
66306ac39d18c5aad9685a9e,10
6630e0bef38970842b80cc06,25
6630fbbf430541e72d02c6e5,16
663111e4283e7281c63fc949,10
66312361cf5d4099e1330532,14
6631d770e613584c0d5cfdba,14
6631dd70c1393b01137d8453,11
66324dc7cb5ab43fc8b19566,9
6632687cb045de5ac33ceea3,15
66337d1de3bea5025f371c0b,11
663388f6d4e404ce37e9b350,16
66338f4346e84e4f0469bc21,21
6633e281f08a156a04a3379d,9
6633ee8ca35ae4b909110ee3,11
663401ce98e411fda23aede9,9
6634e0e2300e0d377e2cf876,11
6634e135e21f434b89972882,14
6634e412b6aa88d8efcdcf3c,10
6634e6202da0719ae4ec6455,11
66351c39f862c014cfa831c4,12
663631e9a98cfc7ea17bbde6,9
66369eca2e8f469b0d247ad8,22
6636e5ffb1e341fa2390a2c0,17
6637a2e174aac353a2dbc968,11
6638068d9ab49383d1fe00ae,16
6639038205f5175bb2fefbe4,16
663a7dc83986ee24fb6ec0e6,17
663bdaa8efe54667f41a46ca,12
663cd0ab9a13d177b358f8f1,12
663dff19b292e4e2c5c11a1b,11
663e1af35c1eafe0c29b4fe5,9
663e36ac904985495d25393f,20
663ea705b761e95caebf67eb,0
663f6c71063220be73b4ba2f,16
664003b962a847c71db3ebb0,9
6641059cdec71f7b7d5a5e2b,20
664212577c09653c94741aab,8
6642b776b5dea9fec375aa5c,17
66439d24bf5f2505d7929c12,21
6643b6fd551de255d4e917d3,16
664413a1fae91cf971a208f7,11
6644ba9c868c5e3ef67f56db,18
66463e116fc8d8d5ad34e273,10
66465a9ce1c681c9cbb78eca,12
66465afcd7be26227a70ea74,11
66475899abb5d338e3f2ba4f,13
66479cbe39361370f0d85484,16
664a0d8b5ef52adae600c9fa,8
664c99742f78f6fad5d7f7e9,10
664d2e40c74692f394c62ba5,16
664dc01c088c4acb7473a6e5,16
664f41aa9da79278f9638bd5,10
664f7217d63b2db66feb4333,9
664f846220375730049a406c,8
6650ac1fae8eede91e78d6ab,12
6650ecda2657647b60a302eb,11
6650f47bc2ef800182aa05f8,8
6652bf7eba7a8a81e1d1679b,16
66535915cbec1d69819d3933,19
66537b0010ca11939058e52b,6
6655dd1f8fa8f27af8a98304,17
6655e085b2b827c02d469855,18
6655f13e04490671e36a8dcf,18
66562875b665d8e2b1b6fc66,19
665722639f7a09a8815bf198,10
66572ce80b83b5ae5cb07a0c,11
665762fdab6df18f5032505b,16
6657f15cef4ca4b8c204a8fd,8
6658b14931847f8a05c3d266,17
6658b23217b161dc426bd14d,11
6658b2da7affbe300577b732,20
6658b2f9550b0dbb2338592e,20
6658b5ca5f6a7ef6d4527b29,25
6658c5911429bc1ab0372a89,16
6658d02b830a00e979619fb8,0
6658d06ebb57e6360147fbd6,14
6658d27edd60f6a0b5dcb504,20
6658d40b7c86929c183cea9b,13
6658d66a5e45cac0aaeb54de,6
6658ed9e2802dccba9041ca4,12
66598e28a133d3735cdc506f,3
6659cb22b8e889fe11ae56d2,16
6659d150478b9115096338d1,24
6659f601d56e7e7f20ceb67d,16
6659f77ee4fd69fa455cc86a,18
665a0857a0c87db18a268c58,25
665a096c84cc3333351bb239,18
665a1158d75699007466a154,4
665b26e1aed20c57d074d0fd,17
665ba6320399db768cb43621,17
665c492a372cfba059fbeb56,9
665cd9869a0ffe598b8b84a7,14
665ceb52bf7bc5f5f2016e83,16
665d92a608fef982937744df,17
665dea227996cd7a1459279b,11
665e26502758155528c8793e,12
665e680164927b18554b66ec,12
665e750c97f12272bd9ab99e,17
665ec25c1ecf0a89934b7a7e,11
665f5996311028ec49e7aef7,16
66606507ffb63756e160e3d6,15
6660df77324bd52e8dbce2ef,9
6660f30d9cab7604513cf59b,8
66620cf0297a4b3c61f5a8ee,18
6662284a47e15ebf4719c42f,13
6662bbd11599452943304086,13
6662f201ccf41c36e7408562,2
666355b585eb54794eb9f6c5,17
666445e5b72745f04a4f57d6,8
6664927aa7e156f84937c5bf,17
6665a806be52905a784f7437,11
6666008fd09c8744714ca817,17
666601cef955d69a64aa5e8f,2
6666251b91a637999fba3144,20
66683545735678b36a28c87b,4
66684b1580d4a4d68d9f6d16,14
6668929d181484a688e8d5d0,18
6669a9dd31aed01f0969b063,10
6669f1177ad1748a9dc8da4b,10
666ad9cd9e785efb19474220,9
666b6cd0fd4835707cae439b,10
666bf1b39a86d62453090531,14
666d914c8a386185e18db071,8
666f9b23519a8d810a4c5b8a,13
66703d3e1078fb050306b4bc,11
6671d8bf6e4bc111961295a1,8
6672d841976c5e0961cc8883,29
6672ebed0a2fc6fd8ad014c7,16
667326a0e84c107129cb3b26,17
66732d7c4a68a05d53e7cbaa,13
66735e86343dec85410151d0,18
6673705315e1f2006697c6da,24
6673a9c76ee756c94bd7a893,11
66747a68ffbb5cc37d6d2773,16
6674ae115abf5a938c5e7c3d,24
6674d66310b6684b86ddf7b9,6
6676f27aa0f8e728925fab55,16
66773db510940dbd43e1e679,7
66784c32524d51faa546901b,9
667852bad1ab6be8543df6d8,20
6678813aec86d687a654dedb,9
66789a1e138a59bb4ad16fa5,17
66796f6a50ac90662e958273,16
66798512ca5cefed438180bc,18
66798cc98973f70b7de20460,15
667a3ea3429027d377819d6a,9
667ac006811ee1f6ab6be9cd,24
667ae31217cd77ff1091dcab,10
667af145fa8225b6be0e79b8,9
667b36a0609df7ce1b55b889,19
667c2175b570aa694ce2f63c,16
667c80ad23f9daa7c9e0470a,18
667d506bd3bb37c7d8218a62,16
667e000c4bfb9ea4c3e01d66,10
667eb91e3db4b82021840853,22
667fa8cc69c7dda35b75cd14,17
668173a56ae4ada528986b1d,24
6682d41e32aa697a30130af0,5
6684b71a5615b7da8e59ce56,16
66855d242110c5a64bff991b,16
66857a5b6efcd1cf07b88707,16
6685aed20b0f1e245329031e,8
6686a08d1b81f0919733a674,17
6688583698ac0c14d67453cb,3
668995230e63dee5f0165681,11
668a922e45bcf95efdf3de93,13
668c1b6dc2285a0b0ce0add5,15
668c2c3b1c453af22c1e1e31,24
668c65ea561d096dc00ce7e9,16
668c893a3a9a1a960c28e9ad,10
668d16ae27f1ad4461650742,18
668d358cb504063550c14083,17
668d6f9d885ecaee43b116ab,16
668dc66f629802c9570027e6,16
668dc78c1b388adf48d7f329,5
668f6130990b08808a88e031,12
668f8d7343028ae0faa7a907,13
669028d1990801c6ac1ce54c,9
66903bb5296cadf03b1a6d6e,5
66904eae25e477d074070a89,6
66908eecc135ec77905c2810,11
66912d746957af5438f296e1,20
6691641b6724549f46d3d8d3,11
66921484ddb4167a6a923c12,11
66927c8697feb698d0b600d1,15
66928f171518765c5f8cea5b,10
669292033e17ed44f8376cab,8
6693cc5c2454061c0414ee05,16
6693d038420dc55a645ed843,12
66951ddbfab86d4133dfb14a,19
669596ba18d75e2e696b992e,16
6697c11cb2a452583e99cd86,23
6698a55a16b90d04fa1af2bd,24
669a88248079035630cd7587,17
669bed74eea03d0e9b06a254,16
669c182b2a59d2c81e9053ad,16
669d6298fbea0ccd92e79ecb,13
669d6e67b980bf3846b82e8f,10
669e61adbefb042cfd423117,18
66a0927ece1a5dca873770d2,17
66a0d2b35975ab1d10e81ebb,20
66a208fff5715f2926f70289,17
66a261c8cd2d7a18cbe95b9a,14
66a35864d80b66f563731c3e,11
66a3f582d7dd72932567c122,2
66a426bcd6c66d59e395617b,18
66a43750c7952eff6a2099dd,2
66a6563f5b48ef9ac1d41881,5
66a82ba9951d0f5503746ec3,14
66a8eda4f49a5a822db402ef,13
66a8f82143da40a6b126975e,18
66a90e7caa371f25183bdce2,17
66a94c224273fab59f0b2c71,9
66a9843c53827f826e9738ed,9
66a9fd2b645b325705af8c79,1
66aa8dcfbc121dcef0433ecf,8
66aafcc3d4f933f032778877,15
66abc79f0812c1f89a25adfb,14
66abd5f44f64fabe413971e8,12
66abd7d501b21036f9f9994a,8
66acbaf5c803ca1a1ef3f056,8
66acd6fce13998efa02007a6,17
66ad3561c1e5c019916365fb,16
66ae0709d8dd8981a2d6ee04,22
66ae2a8f58c3485c675da734,0
66ae2abb793b4c0a4aee5986,11
66af9a2fc6601bff708bf1b1,17
66b1967c80dfbef628f49076,16
66b2601dc55a5c978d9c0ce7,16
66b3c6a051a31f79ebc660e4,19
66b41d5d3c2a978a7aac2264,9
66b4b315e01eaf4739f7ef6a,14
66b50357f28ed24fa377665b,3
66b507cc1a7e164991afbe17,8
66b527207f451bf6e0f07cac,8
66b732e2824f3862c1739187,9
66b737baf02edac5f7c4a384,9
66ba0c9b81da2bf8b7d87021,14
66ba32b2a868595bbef88468,17
66bb0ec44b4fa902e18f445c,18
66bcfbf06c786a801543ceca,9
66be5fde262694b5262482b1,17
66be78ef3ca75af1251ce936,12
66c09873c30bdebfa67284d8,16
66c0ab484e4cf699c1696486,8
66c0d9ef3c9b1d596446f813,18
66c20b634a3b292d25596fbc,9
66c5118758e462c3fe742d2a,19
66c5eba428243ee82ef2e306,22
66c62c2a76d4919685cd6767,19
66c715bdcfed428be15f400d,10
66c75a9fc11b8f1e78671076,16
66ca2a3bbe8922708f5c903d,10
66ca2d90ab22cf378a032c83,11
66ca41de318c12cd9f59b13a,16
66cc4546f9e3a25d2adc51c8,10
66cdf006dc37b68c08c84ac5,10
66cf647660d3b99b68aa87ca,4
66d0c734cbeb44f369a39ee9,8
66d1a34290c0181302a08f66,16
66d1fdd400acfdbc181f41e0,19
66d2537675f4f1fc0aded926,8
66d31a1b0515fe747830bab9,13
66d395c19ecb2d5c8acc6680,5
66d45f42363a8f00a02d8581,17
66d5d36f0cd4bfbac8550351,3
66d7fe7977b451b0107e054b,13
66d8b37cdcdd34adcd38d51b,18
66da0c1177b19236098c299a,16
66dcc0e54f44ccecf2730c76,11
66dd097265650e0dec23231f,22
66debd6416b5185254e88395,3
66deeccfa4a8c62e75e0a557,6
66def1304e37adb3349f648f,12
66df5574de7eab990c808f55,11
66e05f2a0ec721282adc76de,8
66e0c0a1fab28ce6352ae19c,17
66e20380324d7bf552a749b9,8
66e39617700f6ac648af2498,16
66e40208442e7106cd47bfc7,17
66e4970deb6632c346bf3982,12
66e4bb13a321cf28dda094ca,8
66e4c4358de330a06b4d33f1,8
66e74ca113f609cd2a13df59,6
66e77c1f53b8d806313b5314,20
66e8073478375ba1494b2d20,12
66e9d794bd67a9a02ca66a8f,8
66ea8a49fe8d363b3ab1c952,9
66eada82e2a59d472d2dd086,16
66eb5adf63cae551875a7667,1
66edc72a30ec9b38153f1b50,16
66edc94424f4081033b40827,25
66edea9d406f629b67ce30b8,19
66ef7a5b05edfd0f5bed68a6,14
66f0c0c84e16372a15a5b264,16
66f1d62ce54efcda7566bed3,9
66f1f92f032450c7886a2e58,9
66f283b0d2a9a03573017956,8
66f29abb21f82d1f9887370b,11
66f32de71d068e5e4cb2ec86,10
66f5366c7e5543684f266590,17
66f5cadfe40f1d62e26ffdd0,13
66f6f78c68246dd27f4dcc05,10
66f87d84fcfe786a13ff1edb,10
66fa8891ce6034e440bb5ec8,18
66fc2faee6c238d0637d8f69,10
66fc6008cda3d277a8978dbf,5
66fcb4019a3324429051348c,10
66fcc3a673471394133c1d2f,2
66fcdc229c37d1da9d61017c,16
66fd1af87dccbd508244cd7e,16
66fd62807325f8ff288edb3f,17
66fdadbaa3ff5e732278ad0e,11
66fdd81f708d36dbc86f85be,13
66fde30b007e7c1b3f94c591,13
67006a23de43db9f90b363d2,16
6701206a49833a2065d10763,9
670197e22686ef23040f5462,4
67019da3d61ec847660f1821,14
67022b62378fdf9d7675d86d,24
67045932c671e52de9f8bc4c,17
6705bf2688ed88bcafd57446,11
67081ef77f9b5aaceef957c0,10
67099bcb59199185f719e426,23
670ff7a65beb0c8e83fe3fa3,8
671038fb26ff82aa6081d040,8
67103aecd3a626ec9024ed2a,0
6711e09a6906af2fa5b782bd,16
6712c14c23a005c694db2818,16
67152e342de7c1bca617e3e0,17
67154e688dff95452b10215d,17
671663a07ad59e771a6e6f91,16
6716ad851065864029a3a4b0,11
6717fca726a4dc3a00ad40db,4
6718b9492c331fe6c69f1666,16
6719170f0f458ffa099009cd,5
671936053fd2824bcf9fe04b,4
6719428924b5d55a3749dd65,17
671ac509e93a57b5220b3d4e,8
671b8aa1c4ef721a8f684d2c,3
671b9cb13465bc092b8712c1,4
671d1cb6e1d9b3b7a761d56c,10
671d5f4c6dae15f98003d7b2,16
671fae2215cb796cfc9d1207,18
671fe888253de02a5ed58177,8
671fff4fced93c3e5a17f230,10
67203bff74dea717e8b9e1ea,20
67215f2922159d42abf932a4,21
6722865129f6fefb67dd3921,11
6722eefb6690d659a3db4560,16
67238b38bf08c37994b9f688,9
6723bebed3cb23087bebc5bd,11
67246794a85893f571f01fcc,3
6724d3673a5391f6e028d659,9
6724f64f20aa833adf9702eb,12
67253674cbd9660a78160144,11
67254fcd428ad2813fcdcd94,16
67261e11a3b1f0efae30f22e,8
6726558da95ea55243442861,8
67265982eb0c3fc495c6e33a,12
6726c70622b97e6722fa53d8,8
6726d16c98d4b6498e4f2a69,16
672829a7adf1507c6ac0a6a2,0
6728332a47c2c47f9daef26f,17
672843ac39c5f80cfdc21d37,1
6729bad18d2045651882cfed,14
672a21a1fce596116252b41e,8
672a401ef9623837c59f3af2,12
672a519dcb34337d671833ac,12
672a57f001263d65e0a989d7,11
672a6f5fc7bda7ce7ce814a7,16
672a7ec6cb34337d67183fa0,19
672be724a1f9a800fcbd3d02,9
672c18b9a6c9d7bb286cd039,1
672c33aafed3be2f2a6ccfa0,11
672c6d81f10d775112a46f36,21
672c99775b51436252e1b231,6
672ca130c5f43c5ed7d5d4b8,21
672d22ab9bf881348b21f34b,17
672d6ce84b0aed8071b170a5,11
672e96a109fb3b35d17ce8b2,16
672fd24711f758e7a04ac043,21
67315b4e31944aa214d27e9d,10
673240707e8c7b39d857214c,9
6732a0596021ef9a4ca8a50c,12
67334911eb1de6dd02fc126a,0
6733c3dc70fb8db74ca732e3,16
6734acb87201d0735d63632c,19
6734ce376321fc2b50bc7074,1
6735a8f53f67c0bb18d50d43,3
6736d9badac6c2599d5b0c5d,17
67373868b474298955804752,13
67377e4b9f092032b4065e91,17
673a5584f867e07b649219c7,5
673a98f83ca992e2bdf1d4f3,10
673aa513b26d5900008ea98b,13
673b17d4ba65b6c65c88b421,13
673b185687f519c78b2f1e86,24
673b27194ee61c182145405b,21
673b7de4a2e905d7e456db70,9
673bb97db4dca498acdce737,19
673bdc54bee6e22ce93d7e9f,8
673bea21bb668bb18579ac22,13
673c1f36a2a0f1b3cac7e5dd,8
673c62cf434c71ae8abbe572,17
673ccb0691efe91cd015dcf7,18
673ccffc13c6b41210c3de41,16
673f0826724d5a6805a38bc8,19
673f6ffebce20832346325de,12
673fdde3acac4ea91c9611ed,10
6741952bc1bf313739497ac2,17
6741d562a02fc6b69d3c6812,11
67424c6b07d7d42c5ed0511d,1
6743316520c610ff047fd40a,8
67433b6e21271e2da703ee36,12
67435174b76a747138e8a47a,13
674377f77b539c33d343553c,9
6743e31b8d80b64c6fad696f,20
6743e6101f2338a21e1437b3,9
674499298b5241ab1d4e8974,20
67449b2d46dfbc02a0f083b3,9
6745f73ee7541460adbabcff,13
674872ead208fe132ec3f4a4,16
674a0461b10836f07aa6d857,8
674a488fe640fba145d7171b,11
674d4315219570a745daddc3,10
674df7409688c680113b8316,13
674f598ded47fd75002ee276,12
6751389a1e96f3f33e76809b,18
6751acc5dc78128951a34f1f,9
675354c455030f7ac6a19d47,7
6753746b1f8827e2bd586bf0,8
675662c8da055bc788c8a805,5
6756d8d07b3444c59eeff05c,11
67574b45d3ce260ceb80bbce,18
6759fa50a9bb240e423de357,17
675a0463071a49c05a98fcbc,8
675a42d99110f59947a4f393,17
675b6bf5887bccb7fad6c44d,17
675c96124915bd60cd4720e3,4
675cf75e3c237ff931f4a43e,16
675f3be0be195f020b9fc600,13
67605405bfd9f40dd7ca2a24,19
6760543367c90a33716225be,24
676054fd8c08c71e4bb7c969,16
676062b507205eb7b42c2a24,15
676062bd3b691e331d55b3ce,20
676065103aced1871a84ec5c,10
67606cca6591f7023be55e8e,17
6760981a3e2500d4057d41be,12
67609d6700aaf43f68f72f96,17
6760a1e051f418d6ac0490d8,16
67617ff8a1f4fa350af4fbb5,17
6761936cd42ea657c0bce1af,16
6762b4b35727c93b16762405,14
6762e3d80af1b3f2a2c3895a,17
6764697d9d4afb4e6bfe1c4e,16
6764698dfd3a27abba661f46,10
67648b2d2ca3bdd206096be7,9
6764a389994250f1af5a209c,24
67657496bf49edcdd8ceb8a4,16
67657e578046d60e4b772013,18
676580dc3295097751741abc,4
6765ab69842652ea50e57d07,25
6765d333ac870a0a1b66157c,11
6765db00a847d25603e7ac52,4
6765e0b23439a746f96737b3,8
6765f0f70b5bf9820e27589e,11
676689ad3d88efc114b35097,8
676692edff6a31f5874096e3,21
6766ff0b4fe513778222e146,17
6769288134782c10a82b7080,10
676aa9c4bde30e11da44f128,17
676b1d6b2bdeb2fceba3e03b,24
676b24007b0a13eef244f7bf,3
676bc93236a95a162cd215a4,16
676c9fdb29eb6558c47a3a25,17
676cf85a261dedbddea3e240,12
676d4df3d8f09dc5f1994d7d,19
676dcbd74fba5b642d1e2f01,0
676df4319d4ed64ca5e20cdc,17
676e6f5eb2e5690f74382e58,12
676ed8014625d5ebd417b5f2,9
676edb8ebfddac82b8e23c49,21
676f0bdedfb3362f560115f0,27
676f2ff678d74407b518207d,25
677168d70ec2f9f7f9f6ac05,21
6772e0f1846cebdd54673b53,8
6772e6e99175cf9e55106a7f,13
6772ea8aacb21b017a2069e2,11
6772ec8f30df005ab821178c,16
6772ed74a16a7086a77e5d6e,24
6772eeb04cc894a8827b1ed1,14
6772f2f973632e9abc06ff3b,20
6772f7a8866216d035ca2057,18
6772f847510be103b1306979,9
6773b840c558767d3804febe,14
6773d379776c921aa20c5d65,16
6773d733ef23107f61c70de7,8
6773d791b883cc0373479a9f,4
6773e0b40f0b2ff8e3f09da3,13
6773e80a0f70aac32ee3dfda,22
6773f2c6f59707888206bdd1,10
6774178b928c3f8366f4c2ef,18
67744dd5d793cc3d79ba38fc,16
677495e069e5abd571445a65,17
6774ba2b35bfe170ef2d7c87,16
6775aacf5a466dcc31d5b368,8
6775f7bf80cba9df1032a472,17
6776b7f857f30f9dfdcac3b1,10
6776bc8bb2a054d5b0a50656,16
6776c10da1a78e56a2cd2061,5
6776c27223642df043c8d191,21
6776c640c441a770cf2f7db5,9
6776cdf98d57e424a247e48a,16
6776ff8423305566de4ec90e,11
6777f3e9760d3844217b5ea8,18
6778aa34a81ab2f07e0d4c25,25
677a1996c7c9403c1d592da4,18
677a8e5affbe5673b3a79e6b,11
677aa8d8f01b0f81923c3d1c,16
677bd72de32a542324eaa456,20
677c01af998cc4cb005028ad,6
677c0ace1bbf48bb7c96aeaa,11
677c314658f46f3c0f19ba34,18
677c358117d1ac70048fd3c6,16
677c3673a70a96852583ac26,8
677c3d0ebaa424fbb517455b,17
677c408d383d01121333ce5b,4
677d3fbfbb2df9271e66b263,16
677d6b29b44ccabd2fce33cb,10
677dc8b2a9160d395ca7e008,16
677dd12f5a4389f3f9a18e0a,17
677f6487bec60283d8518ead,14
677fea44f0780e29406c0f6a,9
678006318afafe2d811d0277,16
67803a05b60a2727e9fa85b4,16
6781c04bb4d02ad68a57e4ae,20
67823189419133e67fc6e5c0,8
67842c60c9cba1e154a69bbd,19
6784b30f53480442d02d21b8,3
67853d0565a82363289d36c4,5
678566c2d8d97d8e408c6384,13
6785704c3b1ab8813a4958b0,16
6785afa8e35496081ab1cd5b,21
6786ac16415168abd9f21d6b,16
6786c02b927bff134b80264c,12
67870824e02758bc16fa96f3,8
6788d82f8ec0422c248b737a,10
678999ae711e51b34f896a93,9
678c712ee0a31cf51476dfca,12
678d6789735a95ab459fd640,21
678da017eecfeb40cd30b706,12
678e3386256d5b8e6ee50cb3,19
678e978dfeca0ba2fca8109f,20
678f63d745cfeeb045058525,16
678ff750175fa91b6ee9c424,13
67901f88600a4a86b07e5d99,13
67911b9be5af0ac0763a28c7,4
679160f6e9c440cda559818e,16
679332b7a7378f8f63f9ab84,9
67a5243ba34736474426ab7f,19
67a54503a9d38ce3140394eb,16
67a796cd3ddc2ecc4a26fa35,12
67a85137a6f2eda1f128b8c0,9
67a9034388a7629d47fdd89e,10
67a93cc4edad2048c6746727,16
67a95d468d14bd6324b4bbba,17
67aba3ae1192aa61b99fe6c7,10
67acf04855971719d0834178,2
67acfb68c3860389b0c4db4b,18
67ad517b1efac540ebdd1752,12
67ad9cde850439d06ff7f242,21
67adb092487be88c66cc52e3,9
67ae22e234039c88a4aaac98,4
67be395c30843acc70da3078,9
67bf2c95cf70e4409f3fb705,17
67c1d6d98c8787be36609212,5
67c30fa686975bc2ce38a2b9,19
67c4a762d14492d4aed05e7b,17
67c5909039019aa8d07290d3,16
67c595333edb693c1ebaee67,12
67c5d7d4bfda0ffd6d9a5ef8,18
67c70ef486c8488303c97ed5,13
67c785504b8ce5233217d7aa,11
67c884eb5f8d6be1e033a0ea,5
67c9debfa21709544f941ce0,10
67ca44c542a5ebd3baf7d5e1,16
67cadeb08bf55a9b89a9f487,16
67caeaa82e0cffb7a2935227,11
67ccf5aaec16501a9fec7097,10
67cdf158555dc24e9c13714a,5
67cf0c70aa43b13b6168ecbf,12
67d0c546e34a839a2c0d67a0,21
67d1509d2f6eaf6999ddc061,1
67d1d172e049a486152a5ce9,7
67d1e699af2dd980a764accb,8
67d21364aa4dc87ecd8f3f1b,8
67d9a0498d900defba2a9dcc,12
67d9ef30fe8af2858e8dbbd3,16
67dbeabb9f3bd066c8a56685,17
67ddcc6cfc53ee0415e0db0e,9
67de01d3d44c6326661a7d33,4
67df234b06278e2a4675d416,6
67df9761fdf65d6304d16a58,12
67e051d5736da524dbe7a0c1,12
67e069199f5b036960b0cc5f,19
67e0863f736da524dbe7ac66,9
67e1d85800cb3a05eae74bbf,6
67e1dc9c35b6facf1079fb30,17
67e3281497a9f68c5c7ff062,1
67e3af773eb23823fcdff620,12
67e6d14022a912cd6c3fb682,19
67e711daa771e0a8ad8c36f6,10
67e80fd6ef19882569cf49d3,18
67e8e0c0be5802df7311d109,18
67e8ffe90ba972b691421fcf,17
67e923d008c9e3479c33f071,7
67e9c73caada4a6aea341f5b,11
67ec9fc858f4594fd069d5ff,19
67ed6ee44fad10f49556159a,12
67eee89119de070d8b864f60,15
67efe4d2d2018d216ac7ff4f,3
67effc951ce344a94949e0e7,16
67f000137a872d98794640b1,16
67f29249f806e5d43bd01798,10
67f67d04686f4f467e3a6c76,11
67f7f883cb3cd4c0f5177411,16
67fab05a945608890ebd90cb,14
67fb712344e93ae6c23a6805,9
680c0636408121caf12fe0d1,3
680e1b9a36b987121bbc9c9a,15
681269c2ef9ca43142682cf6,11
68138b62cc045bd133cfcf6b,4
6813fb6e6bf8c3d60d489aa4,4
681472b129f35dad5de67837,8
681561229a9918d9b5803acc,1
681b72a2c71900147281b597,7
68235b144fe81cbe2c4a41a2,17
6824ca9431d5202089ce433d,0
682873b45f6f878f3e09f079,20
682cd328bd53185cbbb59840,9
682ea2d42d55eac9ceeac8aa,8
683cb872454bffb744e2608c,16
68483d40185598902b719f20,18
68a741770ddcfded8f735e8e,20
68be70622ee8091966295a7a,10
68c9a88016a72793ea49ad8c,17
6912179bef81177cf16f4c4c,9
691752dae4acdec500565976,8
6927765bbe35814d222e4fe7,12
6938256c2d72f274e7ffcd79,13
58cdc4790b6a0e00011d822f,24
595339f4ad2ce90001b88266,19
5bf5aa89d944c300012634cc,18
