quartet_id,pattern,max_r2,gap_max_second,gap_max_min,avg_male_r2,avg_female_r2,self_female,self_r2,n_max_r2,rank1_gender,rank2_gender,rank3_gender,rank4_gender,gini_r2
68,MMFF,12.0,1.0,3.0,11.5,9.0,1,9.0,1,M,M,F,F,0.0670731707317073
69,MMFF,12.0,2.0,8.0,11.0,6.5,1,9.0,1,M,M,F,F,0.1785714285714285
83,FFMM,17.0,3.0,7.0,10.5,15.5,1,14.0,1,F,F,M,M,0.1153846153846153
89,MFMF,16.0,2.0,8.0,13.5,11.0,1,14.0,1,M,F,M,F,0.1377551020408163
96,MMFF,22.0,2.0,8.0,21.0,15.5,1,14.0,1,M,M,F,F,0.0924657534246575
168,MFMF,21.0,5.0,20.0,15.0,8.5,0,21.0,1,M,F,M,F,0.3563829787234042
182,MMFF,19.0,6.0,10.0,16.0,10.0,0,19.0,1,M,M,F,F,0.1538461538461538
196,MMFF,19.0,8.0,15.0,15.0,6.5,0,19.0,1,M,M,F,F,0.2732558139534883
202,MFMF,23.0,5.0,14.0,20.5,13.5,0,23.0,1,M,F,M,F,0.1544117647058823
204,MMFF,23.0,11.0,21.0,17.5,3.0,0,23.0,1,M,M,F,F,0.4329268292682927
208,MMFF,23.0,13.0,19.0,16.5,6.5,0,23.0,1,M,M,F,F,0.3152173913043478
209,MFFM,23.0,5.0,21.0,12.5,17.5,0,23.0,1,M,F,F,M,0.2666666666666666
210,MFMF,23.0,4.0,14.0,17.5,14.0,0,23.0,1,M,F,M,F,0.1944444444444444
211,MFMF,23.0,5.0,13.0,17.5,14.0,0,23.0,1,M,F,M,F,0.1785714285714285
218,MFMF,23.0,7.0,19.0,18.0,10.0,0,23.0,1,M,F,M,F,0.2678571428571428
220,FMMF,26.0,3.0,18.0,19.5,17.0,0,23.0,1,F,M,M,F,0.2089041095890411
285,FMMF,20.0,2.0,16.0,16.0,12.0,0,14.0,1,F,M,M,F,0.2321428571428571
286,MFMF,14.0,1.0,4.0,12.5,11.5,0,14.0,1,M,F,M,F,0.0729166666666666
367,MFFM,12.0,1.0,3.0,10.5,10.0,1,11.0,1,M,F,F,M,0.0670731707317073
383,MFMF,28.0,16.0,25.0,18.5,7.5,0,28.0,1,M,F,M,F,0.375
384,MFFM,28.0,11.0,12.0,22.0,16.5,0,28.0,1,M,F,F,M,0.1201298701298701
385,MFFM,28.0,12.0,22.0,17.0,16.0,0,28.0,1,M,F,F,M,0.25
388,MFFM,28.0,10.0,12.0,22.0,18.0,0,28.0,1,M,F,F,M,0.1125
389,MFMF,28.0,10.0,19.0,21.0,13.5,0,28.0,1,M,F,M,F,0.2210144927536232
393,MFFM,28.0,10.0,17.0,19.5,14.5,0,28.0,1,M,F,F,M,0.213235294117647
394,MFFM,28.0,11.0,14.0,21.0,17.0,0,28.0,1,M,F,F,M,0.1381578947368421
395,MFFM,28.0,18.0,20.0,18.0,9.5,0,28.0,1,M,F,F,M,0.2772727272727273
400,MFMF,28.0,17.0,23.0,19.0,8.0,0,28.0,1,M,F,M,F,0.324074074074074
423,MMFF,15.0,4.0,8.0,13.0,8.5,1,7.0,1,M,M,F,F,0.1453488372093023
429,MMFF,15.0,3.0,8.0,13.5,9.0,1,7.0,1,M,M,F,F,0.1388888888888889
440,MMFF,24.0,7.0,17.0,20.5,10.0,1,7.0,1,M,M,F,F,0.2254098360655737
503,FMMF,19.0,1.0,18.0,17.0,10.0,1,1.0,1,F,M,M,F,0.2592592592592592
511,MMFF,24.0,10.0,23.0,19.0,6.5,1,1.0,1,M,M,F,F,0.3480392156862745
523,MFMF,19.0,8.0,10.0,14.5,10.0,0,10.0,1,M,F,M,F,0.1581632653061224
685,MMFF,18.0,2.0,6.0,17.0,12.0,1,12.0,1,M,M,F,F,0.0948275862068965
711,FMFM,21.0,0.0,10.0,16.0,16.5,1,21.0,2,F,M,F,M,0.15
733,FMMF,16.0,3.0,15.0,10.5,8.5,0,13.0,1,F,M,M,F,0.3289473684210526
741,FFMM,13.0,1.0,3.0,10.5,12.5,1,13.0,1,F,F,M,M,0.0543478260869565
750,FFMM,18.0,5.0,7.0,11.0,15.5,1,13.0,1,F,F,M,M,0.1084905660377358
820,FFMM,19.0,2.0,10.0,10.0,18.0,0,9.0,1,F,F,M,M,0.1607142857142857
844,MMFF,29.0,13.0,20.0,22.5,9.5,0,29.0,1,M,M,F,F,0.2578125
846,MMFF,30.0,1.0,25.0,29.5,10.5,0,29.0,1,M,M,F,F,0.275
848,MFFM,29.0,11.0,28.0,15.0,14.0,0,29.0,1,M,F,F,M,0.396551724137931
854,MFMF,29.0,12.0,18.0,22.5,14.0,0,29.0,1,M,F,M,F,0.1883561643835616
858,MMFF,29.0,4.0,21.0,27.0,16.0,0,29.0,1,M,M,F,F,0.1860465116279069
902,FFMM,29.0,19.0,25.0,6.5,19.5,1,29.0,1,F,F,M,M,0.3653846153846153
903,FMFM,29.0,12.0,25.0,10.5,22.5,1,29.0,1,F,M,F,M,0.2878787878787879
905,FFMM,29.0,15.0,21.0,11.0,21.5,1,29.0,1,F,F,M,M,0.2423076923076923
906,FMFM,29.0,13.0,21.0,12.0,19.5,1,29.0,1,F,M,F,M,0.2738095238095238
907,FMFM,29.0,12.0,20.0,13.0,20.5,1,29.0,1,F,M,F,M,0.2425373134328358
915,FFMM,29.0,16.0,21.0,9.5,21.0,1,29.0,1,F,F,M,M,0.2663934426229508
916,FMFM,29.0,5.0,19.0,17.0,22.5,1,29.0,1,F,M,F,M,0.2056962025316455
917,FMFM,29.0,13.0,21.0,12.0,19.5,1,29.0,1,F,M,F,M,0.2738095238095238
919,FFMM,29.0,10.0,24.0,11.5,24.0,1,29.0,1,F,F,M,M,0.2570422535211267
945,MFMF,19.0,6.0,16.0,14.0,8.0,1,13.0,1,M,F,M,F,0.2954545454545454
966,FMMF,17.0,4.0,14.0,11.5,10.0,0,10.0,1,F,M,M,F,0.2616279069767442
993,MFMF,20.0,4.0,9.0,17.5,13.5,1,11.0,1,M,F,M,F,0.1129032258064516
1127,MFMF,24.0,5.0,16.0,18.5,13.5,0,13.0,1,M,F,M,F,0.2109375
1132,FMMF,14.0,1.0,4.0,12.0,12.0,0,13.0,1,F,M,M,F,0.0729166666666666
1200,FMMF,16.0,0.0,4.0,15.0,14.0,0,14.0,2,F,M,M,F,0.0603448275862069
1203,MFMF,18.0,2.0,10.0,15.0,12.0,0,12.0,1,M,F,M,F,0.1574074074074074
1216,MMFF,12.0,2.0,4.0,11.0,8.5,0,12.0,1,M,M,F,F,0.0833333333333333
1262,MMFF,19.0,7.0,18.0,15.5,5.0,1,1.0,1,M,M,F,F,0.3475609756097561
1276,MFMF,19.0,4.0,18.0,16.0,8.0,1,1.0,1,M,F,M,F,0.2916666666666667
1342,MMFF,13.0,2.0,9.0,12.0,7.0,1,4.0,1,M,M,F,F,0.1842105263157894
1343,FMMF,16.0,4.0,12.0,11.0,10.0,1,4.0,1,F,M,M,F,0.2261904761904762
1367,MFFM,32.0,11.0,16.0,24.0,19.0,1,17.0,1,M,F,F,M,0.1511627906976744
1438,FMMF,17.0,7.0,16.0,10.0,9.0,1,17.0,1,F,M,M,F,0.3157894736842105
1460,FFMM,19.0,3.0,6.0,14.5,17.5,1,19.0,1,F,F,M,M,0.0703125
1494,MMFF,24.0,1.0,12.0,23.5,15.5,0,23.0,1,M,M,F,F,0.1282051282051282
1495,MFFM,23.0,2.0,21.0,12.5,18.5,0,23.0,1,M,F,F,M,0.2741935483870967
1496,MFMF,23.0,7.0,15.0,19.5,12.0,0,23.0,1,M,F,M,F,0.1785714285714285
1497,MFFM,23.0,7.0,15.0,15.5,12.0,0,23.0,1,M,F,F,M,0.2409090909090909
1500,MFMF,23.0,11.0,17.0,15.5,9.0,0,23.0,1,M,F,M,F,0.2806122448979591
1519,MFMF,27.0,4.0,18.0,23.5,16.0,1,9.0,1,M,F,M,F,0.180379746835443
1624,MFFM,16.0,2.0,13.0,9.5,11.5,1,14.0,1,M,F,F,M,0.2619047619047619
1634,FFMM,17.0,3.0,14.0,7.0,15.5,1,14.0,1,F,F,M,M,0.25
1662,MMFF,24.0,2.0,16.0,23.0,10.5,0,22.0,1,M,M,F,F,0.2126865671641791
1664,MFMF,22.0,0.0,13.0,19.0,15.5,0,22.0,2,M,F,M,F,0.1630434782608695
1668,MMFF,22.0,4.0,14.0,20.0,12.0,0,22.0,1,M,M,F,F,0.171875
1675,MFFM,22.0,9.0,12.0,16.0,12.5,0,22.0,1,M,F,F,M,0.1622807017543859
1701,FMMF,17.0,4.0,9.0,12.0,12.5,1,17.0,1,F,M,M,F,0.1479591836734693
1766,MMFF,18.0,6.0,10.0,15.0,8.5,1,8.0,1,M,M,F,F,0.175531914893617
1869,FFMM,10.0,1.0,3.0,7.5,9.5,0,7.0,1,F,F,M,M,0.0735294117647058
1871,FFMM,25.0,2.0,18.0,8.5,24.0,0,7.0,1,F,F,M,M,0.2576923076923076
1873,FFMM,13.0,2.0,6.0,8.5,12.0,0,7.0,1,F,F,M,M,0.1158536585365853
1877,MFFM,24.0,8.0,17.0,15.5,16.0,0,7.0,1,M,F,F,M,0.2023809523809523
1880,FFMM,16.0,6.0,13.0,5.0,13.0,0,7.0,1,F,F,M,M,0.2916666666666667
1953,MFFM,20.0,3.0,8.0,16.0,15.5,0,12.0,1,M,F,F,M,0.1071428571428571
1962,MMFF,24.0,8.0,16.0,20.0,8.5,1,9.0,1,M,M,F,F,0.2412280701754386
1978,FMFM,13.0,1.0,7.0,9.0,11.0,1,9.0,1,F,M,F,M,0.15
1982,FMMF,17.0,1.0,15.0,12.5,9.5,1,2.0,1,F,M,M,F,0.2954545454545454
1991,FMMF,18.0,7.0,16.0,10.0,10.0,1,2.0,1,F,M,M,F,0.3125
1994,MFMF,17.0,1.0,15.0,13.5,9.0,1,2.0,1,M,F,M,F,0.2833333333333333
2001,FFMM,26.0,12.0,18.0,10.0,20.0,1,26.0,1,F,F,M,M,0.2333333333333333
2004,FFMM,26.0,2.0,17.0,11.5,25.0,1,26.0,1,F,F,M,M,0.2089041095890411
2013,FMMF,26.0,10.0,26.0,12.0,13.0,1,26.0,1,F,M,M,F,0.43
2018,FMFM,26.0,8.0,17.0,13.5,18.0,1,26.0,1,F,M,F,M,0.2341269841269841
2020,FMFM,26.0,2.0,15.0,17.5,21.0,1,26.0,1,F,M,F,M,0.172077922077922
2042,FMFM,25.0,9.0,13.0,14.0,20.0,0,16.0,1,F,M,F,M,0.1470588235294117
2095,FMMF,20.0,9.0,18.0,10.0,11.0,1,20.0,1,F,M,M,F,0.3333333333333333
2100,FMMF,20.0,7.0,12.0,11.5,14.0,1,20.0,1,F,M,M,F,0.1911764705882352
2171,FMMF,18.0,6.0,10.0,10.5,13.0,1,18.0,1,F,M,M,F,0.175531914893617
2179,FFMM,18.0,0.0,18.0,5.0,18.0,1,18.0,2,F,F,M,M,0.3369565217391304
2267,FFMM,25.0,5.0,17.0,12.5,22.5,1,25.0,1,F,F,M,M,0.1928571428571428
2268,FMMF,25.0,2.0,8.0,20.5,21.0,1,25.0,1,F,M,M,F,0.0873493975903614
2272,FMFM,25.0,6.0,17.0,13.5,17.5,1,25.0,1,F,M,F,M,0.2419354838709677
2274,FFMM,25.0,8.0,17.0,9.5,21.0,1,25.0,1,F,F,M,M,0.2336065573770492
2335,FFMM,12.0,2.0,7.0,5.5,11.0,0,6.0,1,F,F,M,M,0.1893939393939394
2381,FFMM,21.0,4.0,5.0,16.5,19.0,1,21.0,1,F,F,M,M,0.0528169014084507
2423,MFMF,25.0,7.0,23.0,18.0,10.0,1,2.0,1,M,F,M,F,0.3392857142857143
2433,MFFM,16.0,6.0,15.0,8.5,6.0,1,2.0,1,M,F,F,M,0.4568965517241379
2474,FMMF,13.0,1.0,5.0,12.0,10.5,1,13.0,1,F,M,M,F,0.0833333333333333
2508,FMFM,13.0,11.0,13.0,1.0,7.0,0,0.0,1,F,M,F,M,0.625
2511,FMFM,24.0,15.0,24.0,4.5,15.0,0,0.0,1,F,M,F,M,0.4807692307692308
2513,FMFM,16.0,6.0,16.0,5.0,12.0,0,0.0,1,F,M,F,M,0.3676470588235294
2515,FMFM,17.0,8.0,17.0,4.5,12.5,0,0.0,1,F,M,F,M,0.3823529411764705
2518,FFMM,13.0,3.0,13.0,4.0,11.5,0,0.0,1,F,F,M,M,0.3306451612903225
2561,FMMF,13.0,0.0,9.0,10.5,8.5,1,4.0,2,F,M,M,F,0.2105263157894736
2644,MMFF,18.0,7.0,13.0,14.5,6.5,0,18.0,1,M,M,F,F,0.25
2650,MFFM,18.0,8.0,10.0,13.0,9.5,0,18.0,1,M,F,F,M,0.1722222222222222
2745,FMMF,20.0,4.0,11.0,13.0,14.5,1,20.0,1,F,M,M,F,0.1772727272727272
2748,FMMF,20.0,4.0,17.0,13.5,11.5,1,20.0,1,F,M,M,F,0.28
2770,FFMM,19.0,1.0,10.0,13.0,18.5,1,19.0,1,F,F,M,M,0.123015873015873
2807,MFMF,25.0,5.0,9.0,20.5,18.0,0,16.0,1,M,F,M,F,0.1006493506493506
2842,FMFM,20.0,1.0,10.0,14.5,18.5,0,10.0,1,F,M,F,M,0.1212121212121212
2846,FMFM,23.0,11.0,13.0,11.0,17.0,0,10.0,1,F,M,F,M,0.1785714285714285
2887,FMMF,18.0,4.0,11.0,12.0,12.5,1,7.0,1,F,M,M,F,0.1887755102040816
2890,MFMF,20.0,3.0,13.0,16.5,12.0,1,7.0,1,M,F,M,F,0.1885964912280701
2900,FMMF,16.0,2.0,9.0,11.5,11.5,1,7.0,1,F,M,M,F,0.1739130434782608
2922,MFFM,17.0,1.0,9.0,12.5,13.5,0,8.0,1,M,F,F,M,0.1538461538461538
2962,FFMM,22.0,4.0,9.0,14.5,20.0,1,22.0,1,F,F,M,M,0.1050724637681159
2965,FMMF,22.0,4.0,10.0,17.0,17.0,1,22.0,1,F,M,M,F,0.1176470588235294
2971,FMFM,22.0,5.0,20.0,9.5,15.5,1,22.0,1,F,M,F,M,0.34
2976,MFFM,31.0,9.0,19.0,21.5,19.0,1,22.0,1,M,F,F,M,0.1944444444444444
2991,MFMF,14.0,1.0,6.0,13.0,10.5,1,8.0,1,M,F,M,F,0.101063829787234
2999,MMFF,11.0,2.0,9.0,10.0,5.0,1,8.0,1,M,M,F,F,0.2333333333333333
3067,FMFM,23.0,7.0,23.0,8.0,16.5,1,23.0,1,F,M,F,M,0.3826530612244898
3068,FMMF,23.0,5.0,14.0,14.5,16.0,1,23.0,1,F,M,M,F,0.2008196721311475
3069,FFMM,24.0,1.0,13.0,13.5,23.5,1,23.0,1,F,F,M,M,0.1554054054054054
3074,MFMF,32.0,9.0,21.0,22.0,17.0,1,23.0,1,M,F,M,F,0.2371794871794871
3075,FMMF,23.0,12.0,16.0,9.5,15.0,1,23.0,1,F,M,M,F,0.2602040816326531
3103,MFFM,32.0,12.0,23.0,20.5,16.0,0,32.0,1,M,F,F,M,0.2636986301369863
3109,MMFF,32.0,15.0,23.0,24.5,10.5,0,32.0,1,M,M,F,F,0.2642857142857143
3112,MFFM,32.0,10.0,27.0,18.5,19.0,0,32.0,1,M,F,F,M,0.29
3113,MFFM,32.0,16.0,28.0,18.0,12.5,0,32.0,1,M,F,F,M,0.3729508196721312
3114,MFFM,32.0,13.0,27.0,18.5,15.0,0,32.0,1,M,F,F,M,0.332089552238806
3116,MFFM,32.0,19.0,29.0,17.5,11.5,0,32.0,1,M,F,F,M,0.3879310344827586
3120,MMFF,32.0,16.0,23.0,24.0,10.0,0,32.0,1,M,M,F,F,0.2720588235294117
3143,MFMF,27.0,10.0,21.0,22.0,11.5,0,27.0,1,M,F,M,F,0.2350746268656716
3153,MFMF,27.0,2.0,16.0,20.0,18.0,0,27.0,1,M,F,M,F,0.1973684210526315
3156,MFMF,27.0,15.0,19.0,18.0,10.0,0,27.0,1,M,F,M,F,0.2678571428571428
3175,MFMF,24.0,16.0,21.0,16.0,5.5,1,3.0,1,M,F,M,F,0.3662790697674418
3194,MMFF,16.0,2.0,11.0,15.0,7.5,0,14.0,1,M,M,F,F,0.2055555555555555
3274,FMMF,24.0,8.0,16.0,15.0,16.0,1,8.0,1,F,M,M,F,0.2016129032258064
3341,FMFM,14.0,3.0,14.0,5.5,11.5,0,0.0,1,F,M,F,M,0.3235294117647059
3354,FFMM,23.0,17.0,23.0,2.5,14.5,0,0.0,1,F,F,M,M,0.5147058823529411
3364,MMFF,13.0,2.0,8.0,12.0,7.5,1,5.0,1,M,M,F,F,0.1602564102564102
3376,MFMF,12.0,4.0,7.0,10.0,6.5,1,5.0,1,M,F,M,F,0.1590909090909091
3397,MMFF,35.0,17.0,27.0,26.5,12.0,1,8.0,1,M,M,F,F,0.2694805194805195
3428,MFFM,16.0,0.0,8.0,12.0,12.0,0,16.0,2,M,F,F,M,0.1666666666666666
3429,MFMF,16.0,4.0,6.0,14.0,11.0,0,16.0,1,M,F,M,F,0.09
3437,MMFF,20.0,4.0,12.0,18.0,10.5,0,16.0,1,M,M,F,F,0.1710526315789473
3499,FMMF,24.0,10.0,13.0,13.0,17.5,0,12.0,1,F,M,M,F,0.1680327868852459
3506,FMMF,20.0,2.0,14.0,16.5,13.0,0,15.0,1,F,M,M,F,0.1906779661016949
3507,FMFM,25.0,10.0,16.0,12.0,20.0,0,15.0,1,F,M,F,M,0.1875
3530,FMMF,13.0,2.0,13.0,11.0,6.5,1,13.0,1,F,M,M,F,0.2785714285714286
3545,MFMF,29.0,14.0,19.0,20.5,12.5,1,15.0,1,M,F,M,F,0.2272727272727272
3580,MFMF,24.0,9.0,15.0,18.5,12.0,0,13.0,1,M,F,M,F,0.1926229508196721
3590,FMMF,20.0,4.0,8.0,15.0,16.0,1,20.0,1,F,M,M,F,0.1048387096774193
3599,FMMF,20.0,3.0,9.0,16.5,15.5,1,20.0,1,F,M,M,F,0.109375
3668,FMMF,16.0,2.0,15.0,9.0,8.5,1,1.0,1,F,M,M,F,0.3928571428571428
3742,MFFM,27.0,11.0,15.0,19.5,15.5,0,27.0,1,M,F,F,M,0.1642857142857142
3743,MMFF,27.0,14.0,23.0,20.0,6.5,0,27.0,1,M,M,F,F,0.3443396226415094
3745,MMFF,27.0,3.0,10.0,25.5,17.0,0,27.0,1,M,M,F,F,0.1088235294117647
3747,MMFF,27.0,11.0,24.0,21.5,5.5,0,27.0,1,M,M,F,F,0.3703703703703703
3750,MFFM,27.0,2.0,18.0,18.0,20.5,0,27.0,1,M,F,F,M,0.2045454545454545
3752,MMFF,27.0,10.0,18.0,22.0,11.0,0,27.0,1,M,M,F,F,0.2196969696969697
3875,FMFM,20.0,3.0,17.0,10.0,18.0,1,20.0,1,F,M,F,M,0.2321428571428571
3885,MFMF,16.0,3.0,6.0,14.0,11.5,0,12.0,1,M,F,M,F,0.0931372549019607
3919,FMMF,24.0,5.0,19.0,13.5,14.5,1,5.0,1,F,M,M,F,0.3035714285714285
3920,FMMF,18.0,2.0,13.0,13.5,11.5,1,5.0,1,F,M,M,F,0.22
3935,MMFF,23.0,6.0,9.0,20.0,15.0,0,17.0,1,M,M,F,F,0.1
3938,MFMF,17.0,6.0,9.0,13.5,9.5,0,17.0,1,M,F,M,F,0.1521739130434782
3999,FFMM,19.0,3.0,17.0,6.5,17.5,1,19.0,1,F,F,M,M,0.2916666666666667
4002,MMFF,28.0,6.0,28.0,25.0,6.0,0,22.0,1,M,M,F,F,0.3790322580645161
4006,MFFM,22.0,6.0,20.0,12.0,14.0,0,22.0,1,M,F,F,M,0.3076923076923077
4020,MMFF,22.0,6.0,12.0,19.0,10.5,0,22.0,1,M,M,F,F,0.173728813559322
4162,MFMF,20.0,6.0,20.0,11.5,7.0,1,14.0,1,M,F,M,F,0.4797297297297297
4178,MFFM,24.0,6.0,16.0,16.0,16.0,1,14.0,1,M,F,F,M,0.203125
4180,MMFF,24.0,0.0,10.0,24.0,15.0,1,14.0,2,M,M,F,F,0.1217948717948717
4201,MFFM,16.0,2.0,11.0,10.5,11.0,0,16.0,1,M,F,F,M,0.2267441860465116
4261,MFMF,26.0,5.0,26.0,19.0,10.5,0,26.0,1,M,F,M,F,0.3686440677966102
4263,MMFF,26.0,8.0,19.0,22.0,9.5,0,26.0,1,M,M,F,F,0.25
4267,MFMF,26.0,7.0,16.0,20.0,14.5,0,26.0,1,M,F,M,F,0.1920289855072463
4271,MFFM,26.0,16.0,21.0,15.5,9.0,0,26.0,1,M,F,F,M,0.3316326530612244
4278,MMFF,26.0,8.0,15.0,22.0,13.0,0,26.0,1,M,M,F,F,0.1714285714285714
4293,MFFM,17.0,1.0,8.0,13.0,15.0,0,9.0,1,M,F,F,M,0.1160714285714285
4325,MMFF,27.0,11.0,23.0,21.5,7.5,1,4.0,1,M,M,F,F,0.3189655172413793
4332,FMMF,18.0,2.0,14.0,13.0,11.0,1,4.0,1,F,M,M,F,0.25
4339,MFMF,23.0,9.0,19.0,17.0,9.0,1,4.0,1,M,F,M,F,0.2884615384615384
4378,MFMF,18.0,2.0,8.0,16.0,13.0,0,18.0,1,M,F,M,F,0.1120689655172413
4380,MMFF,18.0,0.0,9.0,18.0,11.5,0,18.0,2,M,M,F,F,0.1313559322033898
4412,FMFM,17.0,0.0,7.0,13.5,14.5,0,10.0,2,F,M,F,M,0.1160714285714285
4463,FMMF,22.0,2.0,13.0,19.5,15.5,1,22.0,1,F,M,M,F,0.1428571428571428
4468,FMFM,22.0,2.0,12.0,15.0,19.0,1,22.0,1,F,M,F,M,0.1470588235294117
4471,FMMF,22.0,4.0,11.0,15.5,16.5,1,22.0,1,F,M,M,F,0.1484375
4472,FMMF,22.0,4.0,18.0,14.0,13.0,1,22.0,1,F,M,M,F,0.287037037037037
4475,FFMM,22.0,1.0,13.0,13.5,21.5,1,22.0,1,F,F,M,M,0.15
4480,FFMM,22.0,6.0,6.0,16.0,19.0,1,22.0,1,F,F,M,M,0.0642857142857142
4502,MMFF,25.0,8.0,16.0,21.0,10.5,0,25.0,1,M,M,F,F,0.2103174603174603
4522,FFMM,24.0,8.0,20.0,10.0,20.0,0,4.0,1,F,F,M,M,0.25
4532,FMMF,16.0,7.0,15.0,6.5,8.5,0,4.0,1,F,M,M,F,0.4166666666666667
4724,MFFM,19.0,2.0,11.0,13.5,16.5,1,17.0,1,M,F,F,M,0.1416666666666666
4911,MMFF,24.0,1.0,15.0,23.5,12.5,0,24.0,1,M,M,F,F,0.1805555555555555
4960,FMMF,13.0,1.0,11.0,10.5,7.5,1,13.0,1,F,M,M,F,0.25
5021,MFFM,19.0,8.0,13.0,12.5,9.5,0,19.0,1,M,F,F,M,0.2386363636363636
5074,MFMF,24.0,4.0,16.0,20.0,14.0,0,24.0,1,M,F,M,F,0.1911764705882352
5182,MFFM,30.0,6.0,30.0,15.0,20.0,0,0.0,1,M,F,F,M,0.35
5191,FFMM,19.0,1.0,19.0,7.5,18.5,0,0.0,1,F,F,M,M,0.2884615384615384
5208,FMFM,19.0,0.0,9.0,14.5,14.5,1,19.0,2,F,M,F,M,0.1551724137931034
5213,FMFM,22.0,2.0,19.0,11.5,20.5,1,19.0,1,F,M,F,M,0.2265625
5226,MMFF,15.0,2.0,9.0,14.0,8.5,0,15.0,1,M,M,F,F,0.1611111111111111
5238,FMFM,24.0,9.0,11.0,14.0,18.5,0,15.0,1,F,M,F,M,0.1346153846153846
5240,MMFF,15.0,2.0,5.0,14.0,10.5,0,15.0,1,M,M,F,F,0.086734693877551
5268,FFMM,17.0,3.0,12.0,6.5,15.5,1,14.0,1,F,F,M,M,0.2386363636363636
5289,MFMF,21.0,8.0,13.0,17.0,10.5,0,21.0,1,M,F,M,F,0.1772727272727272
5293,MFFM,21.0,4.0,12.0,15.0,13.0,0,21.0,1,M,F,F,M,0.1964285714285714
5295,MFFM,21.0,5.0,12.0,15.0,14.0,0,21.0,1,M,F,F,M,0.1724137931034483
5402,MFFM,17.0,1.0,17.0,8.5,14.0,0,17.0,1,M,F,F,M,0.3055555555555556
5440,MFFM,20.0,3.0,18.0,11.0,16.5,0,2.0,1,M,F,F,M,0.25
5570,MMFF,21.0,9.0,13.0,16.5,9.0,0,21.0,1,M,M,F,F,0.2009803921568627
5572,MFFM,21.0,13.0,18.0,12.0,7.0,0,21.0,1,M,F,F,M,0.3684210526315789
5573,MMFF,21.0,7.0,16.0,17.5,7.5,0,21.0,1,M,M,F,F,0.26
5574,MFFM,21.0,4.0,16.0,13.0,15.0,0,21.0,1,M,F,F,M,0.2321428571428571
5620,FMFM,18.0,2.0,10.0,12.0,13.0,0,16.0,1,F,M,F,M,0.19
5665,MFFM,21.0,3.0,5.0,18.5,17.0,0,21.0,1,M,F,F,M,0.0598591549295774
5666,MFMF,21.0,4.0,11.0,18.5,13.5,0,21.0,1,M,F,M,F,0.1328125
5672,MFMF,21.0,5.0,18.0,14.5,9.5,0,21.0,1,M,F,M,F,0.3229166666666667
5728,MMFF,13.0,6.0,12.0,10.0,1.5,1,1.0,1,M,M,F,F,0.4456521739130434
5729,MMFF,19.0,4.0,18.0,17.0,5.5,1,1.0,1,M,M,F,F,0.3277777777777778
5740,FMMF,10.0,1.0,9.0,6.5,5.5,1,1.0,1,F,M,M,F,0.3333333333333333
5765,FMFM,21.0,11.0,17.0,7.0,14.5,1,21.0,1,F,M,F,M,0.3081395348837209
5783,MFFM,31.0,12.0,19.0,21.5,16.5,1,19.0,1,M,F,F,M,0.2039473684210526
5790,FMFM,19.0,1.0,13.0,12.0,14.0,1,19.0,1,F,M,F,M,0.2307692307692307
5798,FFMM,19.0,3.0,15.0,10.0,17.5,1,19.0,1,F,F,M,M,0.2045454545454545
5851,FMMF,24.0,7.0,14.0,14.0,17.0,1,24.0,1,F,M,M,F,0.1935483870967742
5855,FMFM,24.0,9.0,23.0,8.0,16.5,1,24.0,1,F,M,F,M,0.3826530612244898
5890,FMFM,25.0,7.0,16.0,13.5,17.5,1,25.0,1,F,M,F,M,0.2258064516129032
5892,FMMF,25.0,7.0,16.0,14.5,17.0,1,25.0,1,F,M,M,F,0.2182539682539682
5903,FMMF,18.0,0.0,9.0,15.5,13.5,0,13.0,2,F,M,M,F,0.1379310344827586
5912,FMMF,17.0,1.0,13.0,14.5,10.5,0,13.0,1,F,M,M,F,0.21
5915,MFFM,34.0,16.0,21.0,23.5,17.5,0,13.0,1,M,F,F,M,0.1951219512195122
5921,FMFM,23.0,5.0,23.0,9.0,12.0,1,23.0,1,F,M,F,M,0.5119047619047619
5926,FMFM,23.0,10.0,14.0,11.0,16.0,1,23.0,1,F,M,F,M,0.2129629629629629
5928,FMMF,23.0,5.0,13.0,17.0,16.5,1,23.0,1,F,M,M,F,0.1529850746268656
5929,FFMM,23.0,9.0,19.0,7.0,18.5,1,23.0,1,F,F,M,M,0.2990196078431372
5931,FMMF,23.0,5.0,21.0,17.5,12.5,1,23.0,1,F,M,M,F,0.2666666666666666
5940,FFMM,25.0,2.0,20.0,11.0,24.0,1,23.0,1,F,F,M,M,0.2357142857142857
5958,MFFM,25.0,5.0,17.0,16.5,15.0,1,10.0,1,M,F,F,M,0.242063492063492
5970,MFFM,28.0,15.0,24.0,16.0,10.5,0,28.0,1,M,F,F,M,0.3632075471698113
5976,MFMF,28.0,8.0,25.0,22.0,11.5,0,28.0,1,M,F,M,F,0.2947761194029851
5978,MMFF,28.0,10.0,21.0,23.0,10.5,0,28.0,1,M,M,F,F,0.25
5980,MFMF,28.0,6.0,25.0,22.0,12.5,0,28.0,1,M,F,M,F,0.2934782608695652
6035,MFMF,21.0,10.0,14.0,14.5,9.0,1,7.0,1,M,F,M,F,0.2393617021276596
6039,FMMF,23.0,7.0,16.0,13.5,15.0,1,7.0,1,F,M,M,F,0.2324561403508772
6050,MFFM,17.0,1.0,8.0,13.0,13.0,0,9.0,1,M,F,F,M,0.1442307692307692
6083,MMFF,25.0,9.0,20.0,20.5,8.5,1,5.0,1,M,M,F,F,0.2758620689655172
6091,MFMF,18.0,1.0,13.0,13.5,11.0,1,5.0,1,M,F,M,F,0.2397959183673469
6142,MMFF,18.0,5.0,11.0,15.5,9.0,0,18.0,1,M,M,F,F,0.1785714285714285
6202,FMFM,16.0,7.0,13.0,6.0,11.0,0,3.0,1,F,M,F,M,0.3088235294117647
6242,FMFM,24.0,7.0,13.0,14.0,20.0,1,24.0,1,F,M,F,M,0.1470588235294117
6312,MFFM,24.0,15.0,15.0,16.5,9.0,1,9.0,1,M,F,F,M,0.2205882352941176
6426,MMFF,12.0,7.0,11.0,8.5,2.0,0,5.0,1,M,M,F,F,0.4166666666666667
6468,MMFF,20.0,7.0,12.0,16.5,9.5,0,20.0,1,M,M,F,F,0.1826923076923076
6498,MFFM,24.0,8.0,20.0,14.0,12.0,0,24.0,1,M,F,F,M,0.3269230769230769
6549,FMMF,17.0,7.0,15.0,9.5,9.5,0,10.0,1,F,M,M,F,0.3026315789473684
6551,MFFM,10.0,3.0,7.0,6.5,5.5,0,10.0,1,M,F,F,M,0.25
6591,FFMM,27.0,18.0,26.0,2.5,18.0,0,4.0,1,F,F,M,M,0.5060975609756098
6626,MFFM,13.0,3.0,12.0,7.0,9.5,0,1.0,1,M,F,F,M,0.2803030303030303
6631,FFMM,11.0,1.0,10.0,2.0,10.5,0,1.0,1,F,F,M,M,0.37
6636,FMFM,20.0,9.0,19.0,6.0,14.0,0,1.0,1,F,M,F,M,0.375
6672,FMMF,18.0,1.0,13.0,15.0,11.5,0,13.0,1,F,M,M,F,0.2028301886792453
6677,MMFF,14.0,1.0,6.0,13.5,10.0,0,13.0,1,M,M,F,F,0.101063829787234
6706,FMFM,18.0,2.0,10.0,12.0,13.0,1,18.0,1,F,M,F,M,0.19
6713,FMFM,18.0,2.0,12.0,11.0,16.5,1,18.0,1,F,M,F,M,0.1681818181818181
6727,MMFF,20.0,1.0,16.0,19.5,8.0,1,4.0,1,M,M,F,F,0.25
6738,MMFF,16.0,3.0,12.0,14.5,6.0,1,4.0,1,M,M,F,F,0.25
6794,MFFM,19.0,2.0,7.0,15.5,15.5,0,12.0,1,M,F,F,M,0.0967741935483871
6985,MFFM,13.0,2.0,12.0,7.0,11.0,0,1.0,1,M,F,F,M,0.25
6990,MFFM,17.0,4.0,16.0,9.0,11.0,0,1.0,1,M,F,F,M,0.325
6999,MFFM,17.0,8.0,16.0,9.0,6.5,0,1.0,1,M,F,F,M,0.4274193548387097
7003,MFMF,24.0,7.0,21.0,20.5,10.0,1,3.0,1,M,F,M,F,0.2581967213114754
7020,MFMF,20.0,1.0,17.0,16.0,11.0,1,3.0,1,M,F,M,F,0.2685185185185185
7054,FFMM,23.0,5.0,23.0,4.0,20.5,1,18.0,1,F,F,M,M,0.4030612244897959
7230,MFMF,14.0,4.0,14.0,8.0,5.0,1,0.0,1,M,F,M,F,0.4807692307692308
7231,MFMF,12.0,2.0,12.0,10.5,5.0,1,0.0,1,M,F,M,F,0.2983870967741935
7235,MFMF,20.0,4.0,20.0,18.0,8.0,1,0.0,1,M,F,M,F,0.2884615384615384
7236,FMMF,16.0,7.0,16.0,7.5,8.0,1,0.0,1,F,M,M,F,0.4112903225806452
7275,FMMF,21.0,3.0,19.0,17.0,11.5,1,2.0,1,F,M,M,F,0.2587719298245614
7317,FMMF,23.0,5.0,19.0,18.0,13.5,0,18.0,1,F,M,M,F,0.2261904761904762
7449,FFMM,25.0,7.0,14.0,11.5,21.5,0,12.0,1,F,F,M,M,0.1818181818181818
7582,MMFF,26.0,14.0,17.0,19.0,9.5,0,26.0,1,M,M,F,F,0.2324561403508772
7590,MMFF,26.0,12.0,16.0,20.0,11.5,0,26.0,1,M,M,F,F,0.1944444444444444
7596,MFMF,26.0,10.0,26.0,14.0,8.0,0,26.0,1,M,F,M,F,0.5227272727272727
7608,FMMF,17.0,4.0,9.0,12.0,12.5,1,17.0,1,F,M,M,F,0.1479591836734693
7646,FMFM,15.0,4.0,7.0,9.5,13.0,0,11.0,1,F,M,F,M,0.1166666666666666
7775,MMFF,25.0,1.0,21.0,24.5,9.5,1,15.0,1,M,M,F,F,0.2647058823529412
7777,MFFM,20.0,5.0,12.0,14.0,13.5,1,15.0,1,M,F,F,M,0.1772727272727272
7855,MFFM,20.0,4.0,16.0,12.0,13.5,0,4.0,1,M,F,F,M,0.2598039215686274
7868,FMMF,16.0,5.0,16.0,10.0,8.0,0,9.0,1,F,M,M,F,0.3472222222222222
7901,MFMF,21.0,2.0,21.0,16.5,9.5,1,0.0,1,M,F,M,F,0.3365384615384615
7904,MFMF,13.0,2.0,13.0,7.0,5.5,1,0.0,1,M,F,M,F,0.49
8001,FMMF,24.0,4.0,9.0,19.0,19.5,1,15.0,1,F,M,M,F,0.0941558441558441
8006,MMFF,19.0,2.0,9.0,18.0,12.5,1,15.0,1,M,M,F,F,0.1188524590163934
8028,MFMF,29.0,14.0,25.0,18.5,9.5,1,15.0,1,M,F,M,F,0.3660714285714285
8041,MMFF,26.0,14.0,21.0,19.0,6.5,1,5.0,1,M,M,F,F,0.3284313725490196
8078,MMFF,17.0,5.0,7.0,14.5,10.0,1,10.0,1,M,M,F,F,0.1173469387755102
8182,FMMF,29.0,16.0,20.0,12.5,19.0,0,12.0,1,F,M,M,F,0.242063492063492
8225,FFMM,18.0,2.0,18.0,1.5,17.0,0,3.0,1,F,F,M,M,0.4527027027027027
8241,MFMF,34.0,22.0,26.0,23.0,10.0,0,34.0,1,M,F,M,F,0.2954545454545454
8242,MMFF,34.0,15.0,26.0,26.5,12.5,0,34.0,1,M,M,F,F,0.2564102564102564
8243,MFFM,34.0,15.0,26.0,21.0,16.0,0,34.0,1,M,F,F,M,0.2837837837837837
8244,MFFM,34.0,19.0,28.0,20.0,12.0,0,34.0,1,M,F,F,M,0.3515625
8245,MMFF,34.0,26.0,30.0,21.0,4.5,0,34.0,1,M,M,F,F,0.4558823529411764
8246,MFFM,34.0,15.0,25.0,21.5,14.0,0,34.0,1,M,F,F,M,0.2992957746478873
8247,MMFF,34.0,14.0,21.0,27.0,14.5,0,34.0,1,M,M,F,F,0.2018072289156626
8248,MMFF,34.0,7.0,33.0,30.5,4.0,0,34.0,1,M,M,F,F,0.4311594202898551
8249,MFFM,34.0,25.0,32.0,18.0,5.5,0,34.0,1,M,F,F,M,0.5478723404255319
8250,MFMF,34.0,14.0,24.0,27.0,15.0,0,34.0,1,M,F,M,F,0.2142857142857142
8251,MFFM,34.0,17.0,25.0,21.5,16.5,0,34.0,1,M,F,F,M,0.25
8252,MMFF,34.0,19.0,23.0,24.5,12.0,0,34.0,1,M,M,F,F,0.2431506849315068
8253,MFFM,34.0,16.0,26.0,21.0,13.5,0,34.0,1,M,F,F,M,0.3152173913043478
8254,MMFF,34.0,21.0,28.0,23.5,7.5,0,34.0,1,M,M,F,F,0.3548387096774194
8255,MFFM,34.0,12.0,22.0,23.0,17.0,0,34.0,1,M,F,F,M,0.2375
8256,MMFF,34.0,22.0,27.0,23.0,8.5,0,34.0,1,M,M,F,F,0.3293650793650793
8257,MFMF,34.0,22.0,26.0,22.0,10.0,0,34.0,1,M,F,M,F,0.3125
8258,MFFM,34.0,17.0,23.0,22.5,15.5,0,34.0,1,M,F,F,M,0.2368421052631578
8259,MMFF,34.0,18.0,31.0,25.0,7.0,0,34.0,1,M,M,F,F,0.3828125
8260,MFFM,34.0,16.0,33.0,17.5,13.0,0,34.0,1,M,F,F,M,0.4467213114754098
8286,FMMF,24.0,0.0,24.0,17.0,12.0,1,0.0,2,F,M,M,F,0.3706896551724138
8295,MMFF,14.0,1.0,14.0,13.5,5.0,1,0.0,1,M,M,F,F,0.304054054054054
8329,MFMF,19.0,2.0,14.0,13.5,11.0,1,5.0,1,M,F,M,F,0.2602040816326531
8365,MMFF,18.0,1.0,16.0,17.5,9.0,1,2.0,1,M,M,F,F,0.2311320754716981
8378,MFMF,14.0,6.0,12.0,9.0,5.0,1,2.0,1,M,F,M,F,0.3571428571428571
8379,MMFF,29.0,11.0,27.0,23.5,7.0,1,2.0,1,M,M,F,F,0.3565573770491803
8395,FMFM,24.0,4.0,8.0,18.0,20.0,1,16.0,1,F,M,F,M,0.0921052631578947
8422,MFFM,25.0,9.0,17.0,16.5,12.5,0,25.0,1,M,F,F,M,0.25
8479,MMFF,19.0,1.0,14.0,18.5,6.5,1,8.0,1,M,M,F,F,0.26
8560,MFFM,24.0,8.0,15.0,16.5,15.0,0,9.0,1,M,F,F,M,0.1865079365079365
8614,MMFF,23.0,5.0,13.0,20.5,13.0,0,23.0,1,M,M,F,F,0.1529850746268656
8647,MFFM,17.0,9.0,9.0,12.5,8.0,1,8.0,1,M,F,F,M,0.1646341463414634
8682,FMMF,18.0,2.0,10.0,13.5,13.0,1,18.0,1,F,M,M,F,0.1650943396226415
8722,MFMF,18.0,10.0,13.0,13.0,6.5,1,5.0,1,M,F,M,F,0.25
8750,MFMF,14.0,4.0,13.0,11.5,5.5,1,1.0,1,M,F,M,F,0.2941176470588235
8756,MFMF,13.0,4.0,12.0,11.0,5.0,1,1.0,1,M,F,M,F,0.28125
8773,MFMF,25.0,14.0,17.0,18.0,9.5,1,11.0,1,M,F,M,F,0.2318181818181818
8857,FFMM,22.0,5.0,18.0,8.0,19.5,0,4.0,1,F,F,M,M,0.2681818181818182
8931,MFFM,24.0,14.0,21.0,13.5,7.0,1,4.0,1,M,F,F,M,0.4207317073170731
9056,MFFM,16.0,5.0,13.0,9.5,7.5,1,4.0,1,M,F,F,M,0.3382352941176471
9088,MFFM,18.0,7.0,15.0,10.5,9.5,0,3.0,1,M,F,F,M,0.3
9183,FMMF,18.0,5.0,15.0,8.0,10.5,0,3.0,1,F,M,M,F,0.3716216216216216
9195,MFFM,9.0,1.0,6.0,6.0,8.0,0,3.0,1,M,F,F,M,0.1607142857142857
9206,MMFF,18.0,1.0,15.0,17.5,6.5,1,10.0,1,M,M,F,F,0.2708333333333333
9240,MMFF,18.0,8.0,15.0,14.0,6.5,0,10.0,1,M,M,F,F,0.274390243902439
9247,MFFM,24.0,6.0,8.0,20.0,17.0,1,18.0,1,M,F,F,M,0.0878378378378378
9254,FFMM,29.0,11.0,16.0,14.5,23.5,1,18.0,1,F,F,M,M,0.1644736842105263
9263,FMMF,16.0,5.0,13.0,9.0,9.5,0,7.0,1,F,M,M,F,0.2905405405405405
9270,FMFM,17.0,5.0,10.0,9.5,14.0,0,7.0,1,F,M,F,M,0.1648936170212765
9276,FFMM,18.0,6.0,12.0,6.5,15.0,0,7.0,1,F,F,M,M,0.2383720930232558
9280,FMFM,29.0,17.0,22.0,9.5,19.0,0,7.0,1,F,M,F,M,0.3026315789473684
9322,FMMF,29.0,4.0,12.0,21.5,23.0,0,25.0,1,F,M,M,F,0.1207865168539325
9331,MMFF,25.0,11.0,21.0,19.5,7.0,0,25.0,1,M,M,F,F,0.3160377358490566
9339,MFFM,25.0,11.0,20.0,15.0,13.5,0,25.0,1,M,F,F,M,0.2675438596491228
9426,MFFM,17.0,1.0,6.0,14.0,15.5,1,15.0,1,M,F,F,M,0.0805084745762711
9486,MMFF,15.0,1.0,4.0,14.5,11.0,0,15.0,1,M,M,F,F,0.0735294117647058
9507,MMFF,24.0,8.0,16.0,20.0,10.5,1,13.0,1,M,M,F,F,0.2090163934426229
9518,FMMF,13.0,4.0,5.0,9.0,10.5,1,13.0,1,F,M,M,F,0.0961538461538461
9521,FFMM,34.0,18.0,18.0,16.0,25.0,1,34.0,1,F,F,M,M,0.1646341463414634
9522,FMMF,34.0,10.0,24.0,18.5,22.0,1,34.0,1,F,M,M,F,0.2561728395061728
9523,FMFM,34.0,17.0,25.0,13.0,25.0,1,34.0,1,F,M,F,M,0.25
9524,FMMF,34.0,10.0,31.0,17.5,18.5,1,34.0,1,F,M,M,F,0.3680555555555556
9525,FFMM,34.0,15.0,17.0,17.0,26.5,1,34.0,1,F,F,M,M,0.1522988505747126
9526,FFMM,34.0,15.0,33.0,6.0,26.5,1,34.0,1,F,F,M,M,0.4115384615384615
9527,FMMF,34.0,9.0,26.0,20.5,21.0,1,34.0,1,F,M,M,F,0.2620481927710843
9528,FMMF,34.0,19.0,26.0,14.0,21.0,1,34.0,1,F,M,M,F,0.2857142857142857
9529,FMFM,34.0,18.0,21.0,14.5,23.5,1,34.0,1,F,M,F,M,0.2171052631578947
9530,FMFM,34.0,13.0,23.0,16.0,22.5,1,34.0,1,F,M,F,M,0.2564935064935065
9531,FFMM,34.0,9.0,31.0,6.0,29.5,1,34.0,1,F,F,M,M,0.3838028169014084
9532,FMFM,34.0,15.0,23.0,15.0,25.5,1,34.0,1,F,M,F,M,0.2191358024691358
9533,FMMF,34.0,10.0,21.0,19.5,23.5,1,34.0,1,F,M,M,F,0.2093023255813953
9534,FFMM,34.0,18.0,24.0,11.0,25.0,1,34.0,1,F,F,M,M,0.2638888888888889
9535,FMFM,34.0,17.0,26.0,12.5,24.0,1,34.0,1,F,M,F,M,0.2773972602739726
9536,FMMF,34.0,21.0,31.0,12.0,18.5,1,34.0,1,F,M,M,F,0.3893442622950819
9537,FMFM,34.0,16.0,24.0,14.0,23.5,1,34.0,1,F,M,F,M,0.2566666666666666
9538,FMFM,34.0,23.0,26.0,9.5,21.0,1,34.0,1,F,M,F,M,0.3319672131147541
9539,FMFM,34.0,15.0,29.0,12.0,23.5,1,34.0,1,F,M,F,M,0.3274647887323944
9540,FFMM,34.0,18.0,22.0,12.5,25.0,1,34.0,1,F,F,M,M,0.23
9583,FMMF,26.0,9.0,17.0,15.0,17.5,1,26.0,1,F,M,M,F,0.2115384615384615
9587,FMFM,26.0,8.0,17.0,13.5,19.0,1,26.0,1,F,M,F,M,0.2192307692307692
9590,FFMM,26.0,8.0,17.0,10.0,22.0,1,26.0,1,F,F,M,M,0.2265625
9591,FFMM,26.0,17.0,23.0,6.0,17.5,1,26.0,1,F,F,M,M,0.3670212765957447
9594,FMFM,26.0,9.0,17.0,13.0,17.5,1,26.0,1,F,M,F,M,0.2418032786885245
9596,FMFM,26.0,2.0,19.0,15.5,20.5,1,26.0,1,F,M,F,M,0.2291666666666666
9599,FFMM,26.0,13.0,18.0,8.0,19.5,1,26.0,1,F,F,M,M,0.2681818181818182
9600,FMMF,26.0,10.0,23.0,12.5,14.5,1,26.0,1,F,M,M,F,0.3518518518518518
9642,MFFM,26.0,2.0,15.0,18.5,18.0,0,11.0,1,M,F,F,M,0.1952054794520548
9712,MFFM,18.0,7.0,14.0,11.0,10.0,0,4.0,1,M,F,F,M,0.2619047619047619
9720,MFFM,18.0,1.0,14.0,11.0,14.0,0,4.0,1,M,F,F,M,0.24
9748,MMFF,18.0,6.0,8.0,15.0,11.0,0,12.0,1,M,M,F,F,0.1153846153846153
9822,MFMF,25.0,7.0,19.0,21.0,12.0,1,6.0,1,M,F,M,F,0.2196969696969697
9836,MFMF,16.0,7.0,10.0,12.5,7.5,1,6.0,1,M,F,M,F,0.1875
9849,MFFM,20.0,7.0,12.0,14.0,10.5,0,20.0,1,M,F,F,M,0.2091836734693877
10275,MFMF,20.0,4.0,12.0,15.0,12.0,0,20.0,1,M,F,M,F,0.1944444444444444
10281,FFMM,27.0,11.0,20.0,11.5,21.5,1,27.0,1,F,F,M,M,0.2272727272727272
10282,FFMM,27.0,11.0,17.0,11.5,21.5,1,27.0,1,F,F,M,M,0.2045454545454545
10286,FMMF,27.0,9.0,19.0,17.0,17.5,1,27.0,1,F,M,M,F,0.213768115942029
10288,FMFM,27.0,9.0,21.0,12.0,18.0,1,27.0,1,F,M,F,M,0.3
10290,FMMF,27.0,15.0,16.0,12.0,19.0,1,27.0,1,F,M,M,F,0.1935483870967742
10291,FFMM,27.0,11.0,23.0,7.0,21.5,1,27.0,1,F,F,M,M,0.3289473684210526
10292,FMMF,27.0,10.0,16.0,16.5,19.0,1,27.0,1,F,M,M,F,0.1725352112676056
10295,FMFM,27.0,9.0,16.0,14.5,21.5,1,27.0,1,F,M,F,M,0.1736111111111111
10296,FFMM,27.0,11.0,19.0,8.5,21.5,1,27.0,1,F,F,M,M,0.2666666666666666
10299,FMMF,27.0,1.0,17.0,19.0,18.5,1,27.0,1,F,M,M,F,0.2166666666666666
10300,FFMM,27.0,11.0,19.0,10.5,21.5,1,27.0,1,F,F,M,M,0.234375
10428,MFMF,18.0,4.0,11.0,13.0,10.5,1,7.0,1,M,F,M,F,0.2074468085106383
10437,MMFF,24.0,13.0,17.0,17.5,8.0,1,7.0,1,M,M,F,F,0.2598039215686274
10439,FMMF,19.0,3.0,12.0,12.0,13.0,1,7.0,1,F,M,M,F,0.22
10463,MFMF,24.0,5.0,21.0,16.0,11.0,1,3.0,1,M,F,M,F,0.3425925925925926
10469,MMFF,16.0,2.0,13.0,15.0,5.5,1,3.0,1,M,M,F,F,0.274390243902439
10472,MFMF,11.0,1.0,8.0,9.5,6.5,1,3.0,1,M,F,M,F,0.203125
10482,MMFF,20.0,5.0,12.0,17.5,9.0,0,15.0,1,M,M,F,F,0.1933962264150943
10484,FMMF,16.0,1.0,12.0,15.0,10.0,0,15.0,1,F,M,M,F,0.18
10488,FMMF,17.0,2.0,17.0,9.5,8.5,0,15.0,1,F,M,M,F,0.4305555555555556
10497,MMFF,20.0,5.0,19.0,17.5,4.5,0,15.0,1,M,M,F,F,0.3636363636363636
10529,FFMM,20.0,1.0,10.0,14.5,19.5,1,20.0,1,F,F,M,M,0.1102941176470588
10552,MFFM,24.0,8.0,15.0,16.5,12.5,1,16.0,1,M,F,F,M,0.2241379310344827
10600,FMMF,18.0,2.0,6.0,15.0,15.0,1,18.0,1,F,M,M,F,0.0833333333333333
10606,MMFF,18.0,1.0,10.0,17.5,10.0,1,12.0,1,M,M,F,F,0.1590909090909091
10614,FMFM,34.0,17.0,26.0,12.5,23.0,1,12.0,1,F,M,F,M,0.2922535211267605
10625,FMMF,18.0,7.0,12.0,10.0,12.0,0,9.0,1,F,M,M,F,0.2159090909090909
10627,MFFM,14.0,2.0,5.0,11.5,11.5,0,9.0,1,M,F,F,M,0.0869565217391304
10641,MMFF,19.0,10.0,16.0,14.0,5.5,1,3.0,1,M,M,F,F,0.3141025641025641
10666,MFFM,18.0,1.0,13.0,11.5,15.0,0,5.0,1,M,F,F,M,0.2028301886792453
10672,FMMF,14.0,2.0,10.0,8.5,9.0,0,5.0,1,F,M,M,F,0.2642857142857143
10686,MFFM,20.0,8.0,14.0,13.0,11.5,1,11.0,1,M,F,F,M,0.2193877551020408
10745,MFMF,32.0,14.0,24.0,24.0,13.0,0,32.0,1,M,F,M,F,0.25
10746,MMFF,32.0,9.0,24.0,27.5,12.5,0,32.0,1,M,M,F,F,0.24375
10756,MMFF,32.0,8.0,29.0,28.0,5.5,0,32.0,1,M,M,F,F,0.3843283582089552
10757,MMFF,32.0,15.0,22.0,24.5,11.0,0,32.0,1,M,M,F,F,0.25
10759,MFFM,32.0,16.0,21.0,21.5,13.5,0,32.0,1,M,F,F,M,0.2428571428571428
10888,FMFM,16.0,2.0,14.0,8.0,13.0,1,16.0,1,F,M,F,M,0.2738095238095238
10908,MFMF,21.0,4.0,8.0,18.5,15.0,0,21.0,1,M,F,M,F,0.0932835820895522
10959,MMFF,10.0,0.0,6.0,10.0,4.5,1,5.0,2,M,M,F,F,0.1982758620689655
11044,MFMF,21.0,8.0,14.0,15.0,10.0,0,21.0,1,M,F,M,F,0.23
11056,MFFM,21.0,3.0,5.0,18.5,17.0,0,21.0,1,M,F,F,M,0.0598591549295774
11076,FMFM,16.0,1.0,7.0,12.0,14.5,0,9.0,1,F,M,F,M,0.1084905660377358
11084,MMFF,15.0,2.0,5.0,14.0,11.0,0,13.0,1,M,M,F,F,0.08
11120,MFMF,18.0,2.0,8.0,16.0,13.0,0,18.0,1,M,F,M,F,0.1120689655172413
11121,MFMF,26.0,16.0,22.0,17.5,7.0,0,26.0,1,M,F,M,F,0.3418367346938775
11122,MFMF,26.0,6.0,16.0,19.5,15.0,0,26.0,1,M,F,M,F,0.1992753623188405
11137,MFMF,26.0,9.0,18.0,21.0,12.5,0,26.0,1,M,F,M,F,0.2052238805970149
11138,MFFM,26.0,14.0,22.0,15.0,11.0,0,26.0,1,M,F,F,M,0.3269230769230769
11257,FFMM,18.0,1.0,15.0,10.0,17.5,1,17.0,1,F,F,M,M,0.2045454545454545
11274,FMFM,16.0,0.0,11.0,10.5,14.0,0,5.0,2,F,M,F,M,0.1887755102040816
11310,MFFM,18.0,8.0,14.0,11.0,10.0,0,18.0,1,M,F,F,M,0.25
11389,MFMF,32.0,7.0,15.0,25.0,21.0,1,25.0,1,M,F,M,F,0.1413043478260869
11402,FMMF,18.0,4.0,8.0,14.0,14.0,0,14.0,1,F,M,M,F,0.1071428571428571
11438,FMMF,24.0,7.0,21.0,13.0,13.5,1,24.0,1,F,M,M,F,0.3349056603773584
11459,FFMM,16.0,6.0,7.0,9.0,13.0,0,9.0,1,F,F,M,M,0.125
11481,FFMM,24.0,0.0,14.0,11.0,24.0,1,24.0,2,F,F,M,M,0.1928571428571428
11489,FMMF,24.0,5.0,15.0,16.0,16.5,1,24.0,1,F,M,M,F,0.1961538461538461
11495,FFMM,24.0,8.0,13.0,11.5,20.0,1,24.0,1,F,F,M,M,0.1706349206349206
11518,FMMF,16.0,3.0,7.0,12.5,12.5,1,9.0,1,F,M,M,F,0.11
11582,FFMM,13.0,4.0,12.0,3.5,11.0,0,1.0,1,F,F,M,M,0.3362068965517241
11585,FMFM,16.0,0.0,15.0,8.5,14.5,0,1.0,2,F,M,F,M,0.2608695652173913
11588,FFMM,17.0,1.0,16.0,1.5,16.5,0,1.0,1,F,F,M,M,0.4305555555555556
11591,FMFM,19.0,1.0,18.0,9.5,17.5,0,1.0,1,F,M,F,M,0.2592592592592592
11592,FFMM,18.0,0.0,17.0,6.0,18.0,0,1.0,2,F,F,M,M,0.3020833333333333
11594,MFFM,17.0,1.0,16.0,9.0,13.5,0,1.0,1,M,F,F,M,0.2944444444444444
11598,MFFM,17.0,2.0,16.0,9.0,10.5,0,1.0,1,M,F,F,M,0.3653846153846153
11601,FMFM,28.0,9.0,25.0,11.0,22.0,1,28.0,1,F,M,F,M,0.2954545454545454
11602,FMMF,28.0,9.0,15.0,18.0,20.5,1,28.0,1,F,M,M,F,0.1525974025974026
11603,FMFM,28.0,17.0,23.0,8.0,19.0,1,28.0,1,F,M,F,M,0.324074074074074
11604,FMFM,28.0,17.0,23.0,8.0,19.0,1,28.0,1,F,M,F,M,0.324074074074074
11605,FMMF,28.0,12.0,20.0,13.5,18.0,1,28.0,1,F,M,M,F,0.2579365079365079
11606,FFMM,28.0,12.0,19.0,10.0,22.0,1,28.0,1,F,F,M,M,0.2421875
11607,FMFM,28.0,10.0,17.0,14.5,22.5,1,28.0,1,F,M,F,M,0.1756756756756756
11608,FMMF,28.0,12.0,19.0,14.5,18.5,1,28.0,1,F,M,M,F,0.2272727272727272
11609,FMMF,28.0,4.0,18.0,21.0,19.0,1,28.0,1,F,M,M,F,0.1875
11610,FMMF,28.0,12.0,25.0,10.5,15.5,1,28.0,1,F,M,M,F,0.4134615384615384
11611,FMMF,28.0,10.0,27.0,17.0,14.5,1,28.0,1,F,M,M,F,0.3293650793650793
11612,FMMF,28.0,2.0,12.0,21.5,22.0,1,28.0,1,F,M,M,F,0.1293103448275862
11613,FFMM,28.0,12.0,25.0,7.5,22.0,1,28.0,1,F,F,M,M,0.3347457627118644
11614,FMMF,28.0,3.0,11.0,24.5,22.5,1,28.0,1,F,M,M,F,0.0904255319148936
11615,FMMF,28.0,12.0,18.0,16.0,19.0,1,28.0,1,F,M,M,F,0.1928571428571428
11616,FMFM,28.0,3.0,19.0,17.0,24.5,1,28.0,1,F,M,F,M,0.1837349397590361
11617,FMMF,28.0,11.0,28.0,12.5,14.0,1,28.0,1,F,M,M,F,0.4386792452830189
11618,FMFM,28.0,8.0,12.0,18.0,22.0,1,28.0,1,F,M,F,M,0.125
11619,FFMM,28.0,17.0,23.0,6.5,19.5,1,28.0,1,F,F,M,M,0.3461538461538461
11620,FMMF,28.0,8.0,19.0,20.0,18.5,1,28.0,1,F,M,M,F,0.185064935064935
11632,MFMF,19.0,2.0,10.0,16.5,13.0,0,14.0,1,M,F,M,F,0.1398305084745762
11654,FFMM,21.0,2.0,12.0,12.5,20.0,1,21.0,1,F,F,M,M,0.15
11708,MFMF,16.0,6.0,12.0,13.0,7.0,1,10.0,1,M,F,M,F,0.225
11734,MFMF,19.0,2.0,11.0,16.0,12.5,1,17.0,1,M,F,M,F,0.1622807017543859
11863,FMFM,21.0,5.0,10.0,13.5,16.5,1,21.0,1,F,M,F,M,0.1416666666666666
11865,FMFM,21.0,10.0,13.0,9.5,15.5,1,21.0,1,F,M,F,M,0.2
11869,MFFM,24.0,3.0,16.0,16.0,19.0,1,21.0,1,M,F,F,M,0.1857142857142857
11877,FFMM,21.0,1.0,5.0,17.0,20.5,1,21.0,1,F,F,M,M,0.0566666666666666
11956,FFMM,18.0,2.0,10.0,10.5,17.0,1,18.0,1,F,F,M,M,0.15
11967,FFMM,17.0,7.0,14.0,4.0,13.5,0,5.0,1,F,F,M,M,0.3357142857142857
12000,MFFM,19.0,7.0,16.0,11.0,11.0,0,19.0,1,M,F,F,M,0.2840909090909091
12038,MFFM,20.0,9.0,12.0,14.0,10.5,0,20.0,1,M,F,F,M,0.1887755102040816
12068,FMMF,18.0,4.0,12.0,13.0,12.0,0,14.0,1,F,M,M,F,0.19
12069,MFMF,20.0,3.0,10.0,17.0,13.5,0,14.0,1,M,F,M,F,0.1352459016393442
12178,FMMF,11.0,2.0,11.0,6.0,5.5,1,11.0,1,F,M,M,F,0.4239130434782608
12283,MFMF,27.0,15.0,16.0,19.0,11.5,0,11.0,1,M,F,M,F,0.2008196721311475
12401,MMFF,24.0,1.0,23.0,23.5,10.0,1,1.0,1,M,M,F,F,0.2723880597014925
12481,FFMM,24.0,3.0,18.0,13.0,22.5,1,21.0,1,F,F,M,M,0.1936619718309859
12492,MFMF,24.0,3.0,15.0,20.0,15.0,1,21.0,1,M,F,M,F,0.1785714285714285
12500,FFMM,21.0,5.0,19.0,8.0,18.5,1,21.0,1,F,F,M,M,0.2783018867924528
12523,FMMF,27.0,9.0,26.0,17.0,14.0,1,27.0,1,F,M,M,F,0.3225806451612903
12525,FFMM,27.0,10.0,17.0,13.0,22.0,1,27.0,1,F,F,M,M,0.1857142857142857
12527,FMMF,27.0,10.0,16.0,14.5,19.0,1,27.0,1,F,M,M,F,0.1977611940298507
12533,FMFM,27.0,10.0,21.0,11.5,20.0,1,27.0,1,F,M,F,M,0.2658730158730158
12534,FMMF,27.0,9.0,14.0,17.0,20.0,1,27.0,1,F,M,M,F,0.1486486486486486
12535,FMFM,27.0,15.0,18.0,10.5,18.0,1,27.0,1,F,M,F,M,0.25
12537,FFMM,27.0,9.0,12.0,15.5,22.5,1,27.0,1,F,F,M,M,0.125
12538,FMMF,27.0,9.0,18.0,17.0,18.0,1,27.0,1,F,M,M,F,0.2
12539,FMMF,27.0,8.0,11.0,18.0,21.5,1,27.0,1,F,M,M,F,0.110759493670886
12561,FFMM,16.0,0.0,12.0,7.5,16.0,0,4.0,2,F,F,M,M,0.2180851063829787
12630,MMFF,16.0,2.0,8.0,15.0,9.5,0,14.0,1,M,M,F,F,0.1377551020408163
12652,MMFF,19.0,1.0,8.0,18.5,13.5,1,16.0,1,M,M,F,F,0.1015625
12656,FMFM,18.0,1.0,10.0,12.5,17.0,1,16.0,1,F,M,F,M,0.1313559322033898
12692,MFMF,19.0,1.0,10.0,15.0,13.5,0,11.0,1,M,F,M,F,0.1622807017543859
12770,MFMF,18.0,7.0,14.0,12.0,7.5,0,6.0,1,M,F,M,F,0.3012820512820512
12773,FMFM,18.0,5.0,12.0,9.5,13.0,0,6.0,1,F,M,F,M,0.2277777777777777
12778,FFMM,17.0,0.0,13.0,5.0,17.0,0,6.0,2,F,F,M,M,0.2840909090909091
12786,FFMM,17.0,1.0,5.0,13.0,16.5,0,14.0,1,F,F,M,M,0.0720338983050847
12893,MMFF,18.0,0.0,15.0,18.0,4.0,1,5.0,2,M,M,F,F,0.3295454545454545
12935,FFMM,16.0,6.0,11.0,6.5,13.0,1,10.0,1,F,F,M,M,0.2243589743589743
13018,MFMF,24.0,7.0,20.0,17.5,10.5,0,11.0,1,M,F,M,F,0.2946428571428571
13047,MFFM,25.0,9.0,22.0,14.0,13.5,0,3.0,1,M,F,F,M,0.3227272727272727
13051,MFFM,21.0,2.0,18.0,12.0,12.0,0,3.0,1,M,F,F,M,0.3541666666666667
13059,MFFM,16.0,1.0,13.0,9.5,12.5,0,3.0,1,M,F,F,M,0.25
13063,MFMF,29.0,2.0,11.0,24.0,22.5,1,18.0,1,M,F,M,F,0.1102150537634408
13072,FMMF,18.0,0.0,10.0,17.0,13.0,1,18.0,2,F,M,M,F,0.1333333333333333
13125,MMFF,20.0,1.0,14.0,19.5,6.5,1,6.0,1,M,M,F,F,0.2596153846153846
13133,MMFF,15.0,5.0,9.0,12.5,7.0,1,6.0,1,M,M,F,F,0.1858974358974359
13134,FMMF,17.0,2.0,11.0,14.0,11.5,1,6.0,1,F,M,M,F,0.1715686274509804
13147,MFFM,21.0,13.0,21.0,10.5,4.0,0,21.0,1,M,F,F,M,0.6120689655172413
13149,MFFM,21.0,9.0,17.0,12.5,8.0,0,21.0,1,M,F,F,M,0.3597560975609756
13198,FMFM,19.0,7.0,15.0,8.0,11.5,0,12.0,1,F,M,F,M,0.3397435897435897
13232,MFMF,20.0,2.0,9.0,18.0,14.5,0,20.0,1,M,F,M,F,0.1115384615384615
13285,FMMF,17.0,7.0,12.0,9.5,11.0,1,17.0,1,F,M,M,F,0.2256097560975609
13344,MFMF,24.0,8.0,16.0,20.0,12.0,0,24.0,1,M,F,M,F,0.1875
13352,MFMF,24.0,13.0,18.0,16.5,8.5,0,24.0,1,M,F,M,F,0.28
13385,FMMF,21.0,10.0,13.0,10.0,14.5,0,9.0,1,F,M,M,F,0.2091836734693877
13401,FFMM,17.0,5.0,14.0,3.5,14.5,0,3.0,1,F,F,M,M,0.3472222222222222
13413,FMFM,20.0,7.0,17.0,8.0,15.0,0,3.0,1,F,M,F,M,0.2934782608695652
13418,MFFM,13.0,1.0,10.0,8.0,10.5,0,3.0,1,M,F,F,M,0.2229729729729729
13433,FFMM,4.0,1.0,3.0,1.5,3.5,0,1.0,1,F,F,M,M,0.25
13453,FMFM,13.0,2.0,8.0,8.0,10.5,1,13.0,1,F,M,F,M,0.1824324324324324
13531,MFMF,27.0,10.0,23.0,15.5,10.5,0,4.0,1,M,F,M,F,0.3942307692307692
13550,MFFM,21.0,4.0,12.0,15.0,14.0,1,17.0,1,M,F,F,M,0.1810344827586207
13608,FFMM,17.0,1.0,15.0,5.0,16.5,0,8.0,1,F,F,M,M,0.3081395348837209
13667,FMFM,17.0,1.0,10.0,11.5,12.5,1,8.0,1,F,M,F,M,0.1979166666666666
13680,FMMF,20.0,3.0,12.0,17.0,14.0,1,8.0,1,F,M,M,F,0.1451612903225806
13701,FMFM,18.0,1.0,14.0,10.5,14.0,1,18.0,1,F,M,F,M,0.25
13854,MFMF,18.0,2.0,16.0,14.0,9.0,1,16.0,1,M,F,M,F,0.2934782608695652
13888,MMFF,12.0,2.0,10.0,11.0,5.5,1,9.0,1,M,M,F,F,0.2348484848484848
13889,MFFM,29.0,10.0,28.0,15.0,14.0,1,9.0,1,M,F,F,M,0.4051724137931034
13924,MFMF,19.0,1.0,8.0,15.0,14.5,0,11.0,1,M,F,M,F,0.1313559322033898
13925,FMMF,16.0,4.0,8.0,11.5,12.0,0,11.0,1,F,M,M,F,0.1329787234042553
13935,FMMF,17.0,2.0,6.0,13.0,14.0,0,11.0,1,F,M,M,F,0.1018518518518518
13986,MFFM,21.0,1.0,7.0,17.5,18.5,0,14.0,1,M,F,F,M,0.0833333333333333
14001,MFMF,21.0,4.0,12.0,16.0,13.0,0,21.0,1,M,F,M,F,0.1810344827586207
14030,MFMF,20.0,4.0,11.0,17.0,12.5,1,9.0,1,M,F,M,F,0.1483050847457627
14046,MMFF,23.0,14.0,15.0,16.0,8.0,0,23.0,1,M,M,F,F,0.2395833333333333
14058,FMMF,29.0,6.0,18.0,20.0,20.0,0,23.0,1,F,M,M,F,0.1875
14060,MMFF,23.0,7.0,19.0,19.5,6.0,0,23.0,1,M,M,F,F,0.3186274509803921
14077,MMFF,11.0,1.0,3.0,10.5,8.5,1,9.0,1,M,M,F,F,0.0657894736842105
14110,MFFM,19.0,10.0,15.0,11.5,8.5,0,19.0,1,M,F,F,M,0.2875
14153,MFMF,18.0,2.0,10.0,16.0,12.0,1,16.0,1,M,F,M,F,0.1428571428571428
14169,MMFF,23.0,5.0,15.0,20.5,8.5,0,18.0,1,M,M,F,F,0.2327586206896551
14186,FMMF,19.0,9.0,17.0,10.0,10.5,1,19.0,1,F,M,M,F,0.3109756097560975
14246,FFMM,12.0,0.0,10.0,5.0,12.0,1,12.0,2,F,F,M,M,0.25
14285,MFMF,21.0,1.0,17.0,18.5,12.0,1,20.0,1,M,F,M,F,0.2254098360655737
14358,FMFM,24.0,10.0,21.0,8.5,18.0,0,3.0,1,F,M,F,M,0.3066037735849056
14437,FMFM,16.0,3.0,8.0,10.5,12.5,0,8.0,1,F,M,F,M,0.1521739130434782
14451,MFFM,21.0,1.0,5.0,18.5,18.0,0,21.0,1,M,F,F,M,0.0650684931506849
14484,FMMF,17.0,1.0,11.0,14.0,11.5,1,6.0,1,F,M,M,F,0.1813725490196078
14512,MFMF,13.0,0.0,10.0,10.5,8.0,0,13.0,2,M,F,M,F,0.2364864864864864
14585,FFMM,19.0,2.0,9.0,13.0,18.0,1,19.0,1,F,F,M,M,0.1129032258064516
14627,FMFM,10.0,2.0,5.0,6.5,8.0,0,8.0,1,F,M,F,M,0.146551724137931
14655,FFMM,24.0,7.0,22.0,9.0,20.5,0,2.0,1,F,F,M,M,0.2838983050847458
14669,FFMM,22.0,6.0,11.0,11.0,19.0,1,22.0,1,F,F,M,M,0.1583333333333333
14671,FFMM,22.0,4.0,12.0,13.0,20.0,1,22.0,1,F,F,M,M,0.1439393939393939
14679,FFMM,25.0,3.0,21.0,11.5,23.5,1,22.0,1,F,F,M,M,0.2357142857142857
14689,MFFM,30.0,12.0,14.0,23.0,17.5,1,18.0,1,M,F,F,M,0.132716049382716
14759,MFMF,11.0,2.0,3.0,9.5,8.5,0,8.0,1,M,F,M,F,0.0694444444444444
14772,MMFF,26.0,21.0,22.0,15.5,4.0,0,5.0,1,M,M,F,F,0.4294871794871794
14773,FMFM,21.0,1.0,16.0,12.5,18.5,0,5.0,1,F,M,F,M,0.2096774193548387
14889,FFMM,23.0,14.0,20.0,6.0,16.0,1,23.0,1,F,F,M,M,0.3409090909090909
14890,FMMF,23.0,4.0,12.0,17.5,17.0,1,23.0,1,F,M,M,F,0.1413043478260869
14898,FMFM,23.0,12.0,15.0,9.5,15.5,1,23.0,1,F,M,F,M,0.24
15006,MFMF,24.0,9.0,21.0,17.0,9.0,1,3.0,1,M,F,M,F,0.3269230769230769
15012,MFMF,16.0,6.0,13.0,13.0,6.5,1,3.0,1,M,F,M,F,0.25
15131,MMFF,15.0,2.0,9.0,14.0,6.5,0,15.0,1,M,M,F,F,0.2012195121951219
15225,MMFF,24.0,15.0,16.0,16.5,8.0,1,8.0,1,M,M,F,F,0.25
15293,FFMM,18.0,0.0,6.0,12.5,18.0,0,13.0,2,F,F,M,M,0.0942622950819672
15312,MFFM,14.0,3.0,6.0,11.0,9.5,1,8.0,1,M,F,F,M,0.1280487804878048
15349,FFMM,17.0,2.0,15.0,4.0,16.0,0,2.0,1,F,F,M,M,0.3375
15426,FFMM,29.0,17.0,20.0,9.5,20.5,1,12.0,1,F,F,M,M,0.2583333333333333
15443,MFFM,14.0,2.0,9.0,9.5,12.0,1,12.0,1,M,F,F,M,0.1569767441860465
15461,MFFM,20.0,9.0,14.0,13.0,10.0,1,9.0,1,M,F,F,M,0.2391304347826087
15505,MMFF,31.0,15.0,23.0,23.5,9.0,0,31.0,1,M,M,F,F,0.2884615384615384
15507,MFFM,31.0,12.0,20.0,21.0,15.0,0,31.0,1,M,F,F,M,0.2361111111111111
15509,MFFM,31.0,14.0,25.0,18.5,13.0,0,31.0,1,M,F,F,M,0.3293650793650793
15510,MFMF,31.0,15.0,23.0,23.5,12.0,0,31.0,1,M,F,M,F,0.2429577464788732
15512,MMFF,31.0,10.0,22.0,26.0,13.0,0,31.0,1,M,M,F,F,0.2243589743589743
15513,MMFF,31.0,15.0,23.0,23.5,8.5,0,31.0,1,M,M,F,F,0.296875
15515,MMFF,31.0,6.0,30.0,28.0,8.5,0,31.0,1,M,M,F,F,0.339041095890411
15516,MFFM,31.0,11.0,27.0,17.5,18.5,0,31.0,1,M,F,F,M,0.2916666666666667
15519,MFMF,31.0,5.0,26.0,23.5,15.5,0,31.0,1,M,F,M,F,0.282051282051282
15520,MMFF,31.0,12.0,19.0,25.0,12.5,0,31.0,1,M,M,F,F,0.21
15527,FFMM,24.0,5.0,12.0,12.0,21.5,0,12.0,1,F,F,M,M,0.1604477611940298
15562,FMFM,29.0,11.0,25.0,11.0,20.0,1,29.0,1,F,M,F,M,0.3306451612903225
15564,FMMF,29.0,13.0,20.0,14.0,19.0,1,29.0,1,F,M,M,F,0.2424242424242424
15568,FFMM,29.0,12.0,21.0,10.5,23.0,1,29.0,1,F,F,M,M,0.25
15575,FMFM,29.0,9.0,18.0,15.5,21.5,1,29.0,1,F,M,F,M,0.2027027027027027
15578,FMFM,29.0,10.0,18.0,15.0,22.5,1,29.0,1,F,M,F,M,0.19
15666,MFMF,20.0,9.0,12.0,14.5,9.5,1,11.0,1,M,F,M,F,0.1979166666666666
15695,MFMF,19.0,3.0,13.0,17.5,11.0,1,6.0,1,M,F,M,F,0.1710526315789473
15760,FMFM,16.0,1.0,7.0,12.0,14.5,0,15.0,1,F,M,F,M,0.1084905660377358
15766,MFFM,19.0,9.0,11.0,13.5,10.0,0,8.0,1,M,F,F,M,0.175531914893617
15826,MFFM,20.0,8.0,12.0,14.0,10.0,1,12.0,1,M,F,F,M,0.2083333333333333
15861,FMFM,16.0,0.0,7.0,12.5,14.5,0,9.0,2,F,M,F,M,0.1111111111111111
15876,FFMM,17.0,1.0,8.0,12.0,16.5,0,9.0,1,F,F,M,M,0.1096491228070175
15887,MFMF,16.0,3.0,7.0,14.0,11.0,1,13.0,1,M,F,M,F,0.11
15893,MFFM,14.0,1.0,5.0,11.5,13.0,1,13.0,1,M,F,F,M,0.0765306122448979
15897,FMMF,13.0,0.0,4.0,12.0,11.0,1,13.0,2,F,M,M,F,0.0760869565217391
16055,MMFF,19.0,0.0,11.0,19.0,9.0,0,19.0,2,M,M,F,F,0.1875
16081,MMFF,35.0,16.0,27.0,27.0,8.0,0,35.0,1,M,M,F,F,0.3285714285714285
16082,MFMF,35.0,18.0,27.0,22.0,12.5,0,35.0,1,M,F,M,F,0.322463768115942
16083,MFFM,35.0,18.0,20.0,25.0,16.5,0,35.0,1,M,F,F,M,0.1837349397590361
16084,MFFM,35.0,24.0,31.0,19.5,7.5,0,35.0,1,M,F,F,M,0.4629629629629629
16085,MFFM,35.0,16.0,19.0,25.5,17.5,0,35.0,1,M,F,F,M,0.1744186046511628
16086,MFFM,35.0,18.0,26.0,22.0,14.5,0,35.0,1,M,F,F,M,0.2842465753424658
16087,MFFM,35.0,12.0,27.0,21.5,16.0,0,35.0,1,M,F,F,M,0.3166666666666666
16088,MFMF,35.0,17.0,27.0,23.0,13.0,0,35.0,1,M,F,M,F,0.3055555555555556
16089,MFMF,35.0,19.0,29.0,25.5,11.0,0,35.0,1,M,F,M,F,0.2979452054794521
16090,MFMF,35.0,11.0,27.0,27.0,16.0,0,35.0,1,M,F,M,F,0.25
16091,MMFF,35.0,21.0,34.0,24.5,5.5,0,35.0,1,M,M,F,F,0.4416666666666666
16092,MMFF,35.0,16.0,27.0,27.0,12.5,0,35.0,1,M,M,F,F,0.2626582278481013
16093,MFFM,35.0,19.0,31.0,19.5,14.5,0,35.0,1,M,F,F,M,0.3529411764705882
16094,MFMF,35.0,16.0,27.0,22.5,13.5,0,35.0,1,M,F,M,F,0.3125
16095,MMFF,35.0,26.0,27.0,22.0,8.0,0,35.0,1,M,M,F,F,0.3416666666666667
16096,MMFF,35.0,15.0,29.0,27.5,7.5,0,35.0,1,M,M,F,F,0.35
16097,MFFM,35.0,24.0,30.0,20.0,10.0,0,35.0,1,M,F,F,M,0.3833333333333333
16098,MFFM,35.0,11.0,23.0,23.5,20.0,0,35.0,1,M,F,F,M,0.2212643678160919
16099,MMFF,35.0,18.0,24.0,26.0,13.5,0,35.0,1,M,M,F,F,0.2310126582278481
16100,MFFM,35.0,23.0,31.0,19.5,11.0,0,35.0,1,M,F,F,M,0.3893442622950819
16219,FFMM,25.0,12.0,20.0,9.0,19.0,1,13.0,1,F,F,M,M,0.2678571428571428
16324,MMFF,13.0,1.0,10.0,12.5,6.5,1,3.0,1,M,M,F,F,0.2105263157894736
16328,MFMF,15.0,5.0,12.0,12.5,6.5,1,3.0,1,M,F,M,F,0.2368421052631578
16367,FMMF,16.0,4.0,7.0,11.0,12.5,1,16.0,1,F,M,M,F,0.1223404255319148
16382,MFFM,20.0,4.0,14.0,13.0,14.0,0,6.0,1,M,F,F,M,0.2129629629629629
16391,FFMM,23.0,7.0,17.0,7.0,19.5,0,6.0,1,F,F,M,M,0.2783018867924528
16451,MMFF,14.0,2.0,10.0,13.0,8.0,0,12.0,1,M,M,F,F,0.1785714285714285
16484,MMFF,25.0,6.0,20.0,22.0,11.0,0,25.0,1,M,M,F,F,0.2348484848484848
16485,MMFF,25.0,8.0,17.0,21.0,10.5,0,25.0,1,M,M,F,F,0.2182539682539682
16497,MFFM,25.0,5.0,19.0,15.5,18.0,0,25.0,1,M,F,F,M,0.2276119402985074
16504,FMMF,12.0,2.0,7.0,9.5,8.5,1,12.0,1,F,M,M,F,0.1527777777777778
16541,MMFF,25.0,6.0,19.0,22.0,11.0,0,25.0,1,M,M,F,F,0.2272727272727272
16554,MMFF,25.0,9.0,24.0,20.5,4.5,0,25.0,1,M,M,F,F,0.4
16594,MFFM,24.0,5.0,16.0,16.0,15.0,1,19.0,1,M,F,F,M,0.2258064516129032
16621,MFMF,20.0,4.0,8.0,18.0,14.0,1,16.0,1,M,F,M,F,0.09375
16697,MMFF,23.0,4.0,18.0,21.0,10.0,1,5.0,1,M,M,F,F,0.2338709677419354
16699,MFMF,15.0,6.0,10.0,11.5,7.0,1,5.0,1,M,F,M,F,0.2094594594594594
16742,FMMF,16.0,3.0,11.0,9.5,10.5,0,6.0,1,F,M,M,F,0.25
16752,FFMM,24.0,8.0,18.0,8.5,20.0,0,6.0,1,F,F,M,M,0.2587719298245614
16801,MMFF,31.0,17.0,22.0,22.5,9.0,0,31.0,1,M,M,F,F,0.2817460317460317
16802,MMFF,31.0,11.0,28.0,25.5,10.0,0,31.0,1,M,M,F,F,0.306338028169014
16804,MMFF,31.0,15.0,30.0,23.5,4.5,0,31.0,1,M,M,F,F,0.4375
16807,MMFF,31.0,4.0,23.0,29.0,14.0,0,31.0,1,M,M,F,F,0.2209302325581395
16812,MFFM,31.0,14.0,22.0,20.0,13.5,0,31.0,1,M,F,F,M,0.2723880597014925
16813,MMFF,31.0,13.0,28.0,24.5,5.5,0,31.0,1,M,M,F,F,0.3916666666666666
16815,MMFF,31.0,21.0,22.0,20.5,9.0,0,31.0,1,M,M,F,F,0.2838983050847458
16816,MFFM,31.0,14.0,18.0,22.0,15.5,0,31.0,1,M,F,F,M,0.19
16817,MFFM,31.0,11.0,22.0,20.0,18.0,0,31.0,1,M,F,F,M,0.2302631578947368
16820,MFMF,31.0,10.0,30.0,20.5,11.0,0,31.0,1,M,F,M,F,0.4007936507936508
16871,MFMF,19.0,2.0,9.0,17.5,13.5,0,19.0,1,M,F,M,F,0.1129032258064516
16902,MFMF,16.0,5.0,11.0,13.0,8.0,1,5.0,1,M,F,M,F,0.2023809523809523
16914,MMFF,19.0,1.0,14.0,18.5,8.0,1,5.0,1,M,M,F,F,0.2311320754716981
16944,MFMF,17.0,1.0,8.0,15.5,12.5,0,14.0,1,M,F,M,F,0.1160714285714285
16989,MFFM,19.0,2.0,11.0,13.5,15.0,0,8.0,1,M,F,F,M,0.1622807017543859
17013,FFMM,17.0,1.0,8.0,10.0,16.5,0,11.0,1,F,F,M,M,0.1367924528301886
17119,MFFM,19.0,6.0,12.0,13.0,11.0,0,19.0,1,M,F,F,M,0.2083333333333333
17134,MMFF,17.0,6.0,9.0,14.0,9.0,0,17.0,1,M,M,F,F,0.1521739130434782
17186,FMMF,26.0,9.0,15.0,15.5,18.5,0,14.0,1,F,M,M,F,0.1764705882352941
17194,MFMF,20.0,3.0,10.0,17.0,13.5,0,14.0,1,M,F,M,F,0.1352459016393442
17213,MFFM,28.0,4.0,24.0,16.0,18.0,1,12.0,1,M,F,F,M,0.3088235294117647
17254,MFFM,18.0,2.0,9.0,13.5,16.0,0,9.0,1,M,F,F,M,0.1144067796610169
17304,FMMF,22.0,13.0,21.0,5.5,11.5,0,2.0,1,F,M,M,F,0.5147058823529411
17308,FMFM,17.0,9.0,15.0,5.0,10.0,0,2.0,1,F,M,F,M,0.4166666666666667
17310,FMFM,16.0,0.0,14.0,9.0,10.5,0,2.0,2,F,M,F,M,0.3397435897435897
17318,FMMF,17.0,8.0,17.0,5.5,8.5,0,2.0,1,F,M,M,F,0.5178571428571429
17397,FFMM,19.0,9.0,17.0,6.0,14.5,0,2.0,1,F,F,M,M,0.3109756097560975
17426,FMFM,20.0,4.0,12.0,12.0,16.5,0,16.0,1,F,M,F,M,0.1710526315789473
17468,MFFM,27.0,10.0,21.0,16.5,14.0,0,27.0,1,M,F,F,M,0.2827868852459016
17471,MMFF,27.0,10.0,15.0,22.0,14.0,0,27.0,1,M,M,F,F,0.1597222222222222
17472,MFMF,27.0,11.0,18.0,21.5,12.5,0,27.0,1,M,F,M,F,0.1985294117647058
17476,MMFF,27.0,7.0,26.0,23.5,10.0,0,27.0,1,M,M,F,F,0.2947761194029851
17481,FMFM,20.0,9.0,16.0,7.5,14.0,0,4.0,1,F,M,F,M,0.2965116279069767
17489,FMFM,19.0,1.0,15.0,11.0,17.0,0,4.0,1,F,M,F,M,0.2142857142857142
17531,FMFM,20.0,1.0,16.0,11.5,19.0,0,19.0,1,F,M,F,M,0.2008196721311475
17532,MMFF,25.0,6.0,17.0,22.0,12.0,0,19.0,1,M,M,F,F,0.1985294117647058
17556,FMFM,24.0,11.0,16.0,10.5,18.0,0,8.0,1,F,M,F,M,0.2149122807017544
17635,MFMF,19.0,3.0,15.0,15.0,10.0,0,19.0,1,M,F,M,F,0.25
17741,FFMM,24.0,16.0,22.0,5.0,16.0,1,24.0,1,F,F,M,M,0.3928571428571428
17746,FMMF,24.0,3.0,24.0,19.0,12.0,1,24.0,1,F,M,M,F,0.3064516129032258
17748,FMFM,24.0,11.0,16.0,10.5,16.0,1,24.0,1,F,M,F,M,0.25
17808,MFMF,17.0,6.0,9.0,13.5,9.5,0,10.0,1,M,F,M,F,0.1521739130434782
17815,MMFF,12.0,2.0,4.0,11.0,9.0,0,10.0,1,M,M,F,F,0.075
17845,MFMF,20.0,9.0,12.0,15.0,9.5,0,10.0,1,M,F,M,F,0.1887755102040816
17917,MMFF,19.0,6.0,10.0,16.0,10.5,0,13.0,1,M,M,F,F,0.1462264150943396
17957,MFFM,24.0,8.0,18.0,15.0,14.0,0,24.0,1,M,F,F,M,0.25
17958,MFMF,24.0,8.0,15.0,20.0,12.5,0,24.0,1,M,F,M,F,0.173076923076923
17969,MFMF,13.0,1.0,5.0,12.5,10.0,1,12.0,1,M,F,M,F,0.0833333333333333
18028,MMFF,18.0,0.0,3.0,18.0,15.5,0,18.0,2,M,M,F,F,0.0410447761194029
18055,MFFM,14.0,3.0,6.0,11.0,10.5,1,11.0,1,M,F,F,M,0.1104651162790697
18064,MFFM,16.0,5.0,9.0,11.5,9.5,0,16.0,1,M,F,F,M,0.1785714285714285
18231,FFMM,24.0,5.0,8.0,17.0,21.5,0,16.0,1,F,F,M,M,0.0811688311688311
18234,MFMF,16.0,0.0,8.0,13.5,12.0,0,16.0,2,M,F,M,F,0.142156862745098
18269,MFMF,17.0,2.0,11.0,13.5,10.5,0,17.0,1,M,F,M,F,0.1979166666666666
18276,MMFF,17.0,5.0,14.0,14.5,7.0,0,17.0,1,M,M,F,F,0.25
18290,FMMF,24.0,11.0,18.0,12.5,15.0,0,13.0,1,F,M,M,F,0.25
18319,FMFM,17.0,0.0,4.0,15.0,16.5,0,13.0,2,F,M,F,M,0.0515873015873015
18345,FMMF,16.0,0.0,7.0,15.5,12.5,1,16.0,2,F,M,M,F,0.0982142857142857
18374,FMMF,24.0,8.0,18.0,13.0,15.0,1,6.0,1,F,M,M,F,0.2678571428571428
18413,MFFM,18.0,2.0,17.0,9.5,12.0,0,18.0,1,M,F,F,M,0.3430232558139535
18477,MMFF,18.0,1.0,6.0,17.5,14.0,0,18.0,1,M,M,F,F,0.0753968253968253
18519,MMFF,17.0,1.0,7.0,16.5,10.0,0,17.0,1,M,M,F,F,0.1273584905660377
18651,MMFF,20.0,0.0,6.0,20.0,15.0,0,20.0,2,M,M,F,F,0.0785714285714285
18652,MMFF,20.0,9.0,14.0,15.5,7.0,0,20.0,1,M,M,F,F,0.25
18692,FFMM,19.0,2.0,9.0,10.0,18.0,1,19.0,1,F,F,M,M,0.1517857142857142
18701,MMFF,26.0,2.0,23.0,25.0,7.0,0,26.0,1,M,M,F,F,0.3203125
18702,MMFF,26.0,15.0,21.0,18.5,7.5,0,26.0,1,M,M,F,F,0.3076923076923077
18707,MFMF,26.0,10.0,14.0,20.0,14.0,0,26.0,1,M,F,M,F,0.1617647058823529
18891,MFMF,20.0,11.0,12.0,14.5,8.5,0,20.0,1,M,F,M,F,0.1956521739130435
18943,MFMF,18.0,5.0,10.0,15.5,10.5,0,18.0,1,M,F,M,F,0.1442307692307692
18948,MFMF,18.0,1.0,5.0,17.5,15.0,0,18.0,1,M,F,M,F,0.0576923076923076
19015,MFMF,20.0,3.0,12.0,18.0,12.5,0,20.0,1,M,F,M,F,0.151639344262295
19057,MMFF,20.0,4.0,10.0,18.0,11.0,0,20.0,1,M,M,F,F,0.146551724137931
19102,MMFF,24.0,14.0,18.0,17.0,7.5,1,6.0,1,M,M,F,F,0.2806122448979591
19111,FMMF,18.0,4.0,12.0,13.5,12.0,1,6.0,1,F,M,M,F,0.1813725490196078
19130,FMMF,25.0,1.0,14.0,21.0,18.0,0,24.0,1,F,M,M,F,0.1538461538461538
19137,MMFF,24.0,8.0,14.0,20.0,10.5,0,24.0,1,M,M,F,F,0.1926229508196721
19143,FMFM,10.0,0.0,10.0,5.0,9.5,0,0.0,2,F,M,F,M,0.2672413793103448
19204,MMFF,26.0,7.0,15.0,22.5,11.5,1,11.0,1,M,M,F,F,0.1911764705882352
19275,FFMM,11.0,2.0,11.0,4.0,10.0,0,0.0,1,F,F,M,M,0.3035714285714285
19355,MFFM,17.0,4.0,13.0,10.5,12.0,0,4.0,1,M,F,F,M,0.2277777777777777
19356,FMMF,9.0,1.0,7.0,6.0,5.5,0,4.0,1,F,M,M,F,0.2717391304347826
19405,MMFF,22.0,6.0,22.0,19.0,6.0,0,22.0,1,M,M,F,F,0.35
19414,MFMF,22.0,2.0,21.0,15.0,10.5,0,22.0,1,M,F,M,F,0.3676470588235294
19431,MMFF,10.0,0.0,2.0,10.0,8.5,0,10.0,2,M,M,F,F,0.0472972972972973
19462,MFMF,23.0,7.0,14.0,17.5,12.5,0,23.0,1,M,F,M,F,0.1916666666666666
19463,MFMF,23.0,5.0,18.0,18.5,11.5,0,23.0,1,M,F,M,F,0.2416666666666666
19465,MFFM,23.0,11.0,15.0,15.5,10.0,0,23.0,1,M,F,F,M,0.2401960784313725
19505,FFMM,12.0,4.0,11.0,4.5,10.0,1,8.0,1,F,F,M,M,0.2844827586206896
19613,MFFM,25.0,9.0,12.0,19.0,14.5,1,16.0,1,M,F,F,M,0.1455223880597015
19686,FFMM,25.0,5.0,17.0,11.5,22.5,0,15.0,1,F,F,M,M,0.2058823529411764
19720,MFFM,19.0,10.0,16.0,11.0,6.0,0,19.0,1,M,F,F,M,0.3970588235294117
19741,FMMF,25.0,8.0,13.0,15.0,18.5,1,25.0,1,F,M,M,F,0.1604477611940298
19751,FMFM,25.0,15.0,23.0,6.0,16.5,1,25.0,1,F,M,F,M,0.3944444444444444
19753,FMMF,25.0,13.0,23.0,11.5,13.5,1,25.0,1,F,M,M,F,0.35
19769,MMFF,20.0,1.0,7.0,19.5,15.5,1,18.0,1,M,M,F,F,0.0785714285714285
19851,MFMF,17.0,6.0,12.0,13.5,8.0,1,5.0,1,M,F,M,F,0.2151162790697674
19859,MFMF,20.0,11.0,15.0,14.0,7.0,1,5.0,1,M,F,M,F,0.2738095238095238
19879,MFFM,20.0,3.0,20.0,10.0,12.0,1,17.0,1,M,F,F,M,0.3977272727272727
19912,FMMF,22.0,8.0,22.0,11.5,11.0,0,14.0,1,F,M,M,F,0.3944444444444444
19951,FFMM,17.0,1.0,12.0,9.0,16.5,0,13.0,1,F,F,M,M,0.1911764705882352
19952,FMMF,17.0,0.0,6.0,15.0,14.0,0,13.0,2,F,M,M,F,0.0948275862068965
19969,MMFF,25.0,6.0,17.0,22.0,9.5,1,11.0,1,M,M,F,F,0.2341269841269841
19987,MFFM,17.0,3.0,8.0,13.0,11.5,1,14.0,1,M,F,F,M,0.1479591836734693
20020,MMFF,19.0,2.0,11.0,18.0,9.5,1,11.0,1,M,M,F,F,0.1772727272727272
20069,MFFM,27.0,11.0,23.0,15.5,14.0,1,12.0,1,M,F,F,M,0.3093220338983051
20174,FMMF,17.0,5.0,8.0,11.5,13.0,0,11.0,1,F,M,M,F,0.1275510204081632
20199,MFFM,21.0,2.0,18.0,12.0,17.5,1,19.0,1,M,F,F,M,0.2415254237288135
20220,MMFF,14.0,1.0,4.0,13.5,10.0,1,10.0,1,M,M,F,F,0.0797872340425532
20260,FFMM,19.0,1.0,9.0,13.0,18.5,0,10.0,1,F,F,M,M,0.115079365079365
20268,MFMF,14.0,4.0,10.0,11.5,7.0,1,10.0,1,M,F,M,F,0.2094594594594594
20304,MFMF,17.0,1.0,13.0,15.5,10.0,1,4.0,1,M,F,M,F,0.2009803921568627
20310,FMMF,16.0,2.0,12.0,12.5,10.0,1,4.0,1,F,M,M,F,0.2166666666666666
20323,MFFM,19.0,0.0,8.0,15.0,16.0,0,19.0,2,M,F,F,M,0.1209677419354838
20329,FMMF,24.0,5.0,8.0,18.5,20.0,0,19.0,1,F,M,M,F,0.0811688311688311
20421,MFMF,24.0,6.0,14.0,20.5,14.0,0,17.0,1,M,F,M,F,0.1557971014492753
20422,MMFF,17.0,2.0,9.0,16.0,9.0,0,17.0,1,M,M,F,F,0.16
20503,MFFM,31.0,21.0,26.0,18.0,8.0,1,6.0,1,M,F,F,M,0.3942307692307692
20519,MFMF,12.0,2.0,6.0,10.0,8.0,1,6.0,1,M,F,M,F,0.1388888888888889
20568,FMFM,17.0,9.0,17.0,4.0,12.0,1,7.0,1,F,M,F,M,0.40625
20575,MFFM,18.0,4.0,11.0,12.5,10.5,1,7.0,1,M,F,F,M,0.217391304347826
20580,MFMF,20.0,10.0,13.0,15.0,8.5,1,7.0,1,M,F,M,F,0.2074468085106383
20647,MFMF,16.0,4.0,5.0,13.5,11.5,0,11.0,1,M,F,M,F,0.08
20662,FFMM,15.0,7.0,14.0,3.0,11.5,1,15.0,1,F,F,M,M,0.3879310344827586
20681,MFMF,25.0,8.0,17.0,21.0,12.5,0,25.0,1,M,F,M,F,0.1902985074626865
20691,MFMF,25.0,1.0,23.0,21.5,13.0,0,25.0,1,M,F,M,F,0.2717391304347826
20743,MFMF,34.0,14.0,26.0,25.5,14.0,0,17.0,1,M,F,M,F,0.2563291139240506
20759,MFFM,17.0,1.0,10.0,12.0,16.0,0,17.0,1,M,F,F,M,0.1339285714285714
20790,FMMF,25.0,8.0,22.0,15.5,14.0,0,14.0,1,F,M,M,F,0.2923728813559322
20827,FMMF,24.0,8.0,20.0,10.0,14.0,0,4.0,1,F,M,M,F,0.375
20863,FFMM,22.0,5.0,13.0,10.0,19.5,1,22.0,1,F,F,M,M,0.1906779661016949
20913,MFFM,24.0,6.0,22.0,13.0,17.0,1,16.0,1,M,F,F,M,0.2833333333333333
20943,FFMM,13.0,1.0,5.0,8.5,12.5,0,8.0,1,F,F,M,M,0.1071428571428571
21027,MFFM,24.0,11.0,20.0,14.0,13.0,0,24.0,1,M,F,F,M,0.2777777777777778
21096,FMFM,18.0,2.0,7.0,13.5,16.5,1,15.0,1,F,M,F,M,0.0916666666666666
21098,MFMF,18.0,3.0,10.0,14.0,11.5,1,15.0,1,M,F,M,F,0.1715686274509804
21126,MMFF,18.0,6.0,13.0,15.0,8.0,0,18.0,1,M,M,F,F,0.217391304347826
21150,FMMF,12.0,2.0,10.0,10.0,7.0,0,10.0,1,F,M,M,F,0.2205882352941176
21156,FMMF,16.0,4.0,12.0,11.0,10.0,0,10.0,1,F,M,M,F,0.2261904761904762
21171,MMFF,17.0,5.0,6.0,14.5,11.0,0,17.0,1,M,M,F,F,0.0931372549019607
21194,FMMF,20.0,1.0,15.0,18.5,12.5,1,20.0,1,F,M,M,F,0.1854838709677419
21200,FFMM,20.0,7.0,16.0,7.5,16.5,1,20.0,1,F,F,M,M,0.2604166666666667
21233,FFMM,16.0,5.0,10.0,8.0,13.5,0,6.0,1,F,F,M,M,0.1802325581395348
21238,MFFM,24.0,3.0,18.0,15.0,15.0,0,6.0,1,M,F,F,M,0.275
21239,FFMM,12.0,2.0,6.0,7.5,11.0,0,6.0,1,F,F,M,M,0.1283783783783783
21257,FMMF,21.0,1.0,16.0,15.5,13.0,0,11.0,1,F,M,M,F,0.25
21294,MMFF,18.0,5.0,18.0,15.5,5.0,1,0.0,1,M,M,F,F,0.3475609756097561
21328,FFMM,25.0,8.0,13.0,14.5,21.0,1,17.0,1,F,F,M,M,0.1373239436619718
21382,FMMF,29.0,16.0,28.0,12.5,15.0,1,29.0,1,F,M,M,F,0.3863636363636363
21383,FMMF,29.0,15.0,19.0,12.5,19.5,1,29.0,1,F,M,M,F,0.234375
21385,FMFM,29.0,9.0,21.0,14.0,22.5,1,29.0,1,F,M,F,M,0.2294520547945205
21386,FFMM,29.0,7.0,13.0,17.5,25.5,1,29.0,1,F,F,M,M,0.1220930232558139
21389,FMFM,29.0,11.0,13.0,17.0,23.0,1,29.0,1,F,M,F,M,0.125
21396,FMFM,29.0,11.0,19.0,14.0,19.5,1,29.0,1,F,M,F,M,0.2425373134328358
21414,MMFF,20.0,1.0,9.0,19.5,14.5,0,19.0,1,M,M,F,F,0.1029411764705882
21446,MFMF,24.0,4.0,20.0,16.0,12.0,0,8.0,1,M,F,M,F,0.3214285714285714
21449,FMFM,10.0,0.0,2.0,9.0,9.5,0,8.0,2,F,M,F,M,0.0472972972972973
21480,FMMF,16.0,0.0,12.0,14.0,10.0,1,4.0,2,F,M,M,F,0.2083333333333333
21491,MMFF,35.0,9.0,26.0,30.5,9.0,0,26.0,1,M,M,F,F,0.300632911392405
21494,MMFF,26.0,6.0,13.0,23.0,13.5,0,26.0,1,M,M,F,F,0.1541095890410959
21495,MMFF,26.0,4.0,17.0,24.0,10.0,0,26.0,1,M,M,F,F,0.2279411764705882
21554,FMFM,18.0,1.0,14.0,10.5,14.5,0,17.0,1,F,M,F,M,0.24
21605,FMMF,16.0,3.0,8.0,12.0,12.0,1,8.0,1,F,M,M,F,0.1354166666666666
21627,FFMM,19.0,2.0,11.0,10.0,18.0,0,8.0,1,F,F,M,M,0.1696428571428571
21672,FMFM,25.0,12.0,16.0,11.0,17.0,1,25.0,1,F,M,F,M,0.2321428571428571
21722,FFMM,16.0,1.0,13.0,8.5,15.5,1,15.0,1,F,F,M,M,0.2083333333333333
21731,FMFM,23.0,7.0,15.0,12.0,19.0,1,15.0,1,F,M,F,M,0.1854838709677419
21876,FMMF,20.0,1.0,11.0,15.0,14.5,1,20.0,1,F,M,M,F,0.173728813559322
21955,MMFF,28.0,8.0,18.0,24.0,12.0,0,20.0,1,M,M,F,F,0.2083333333333333
21957,MFFM,20.0,4.0,17.0,11.5,9.5,0,20.0,1,M,F,F,M,0.3809523809523809
22046,FMMF,20.0,4.0,19.0,13.5,10.5,1,1.0,1,F,M,M,F,0.3229166666666667
22052,FMMF,18.0,1.0,17.0,16.5,9.5,1,1.0,1,F,M,M,F,0.25
22109,MFMF,24.0,13.0,14.0,17.5,10.5,1,11.0,1,M,F,M,F,0.1875
22133,MFMF,18.0,9.0,15.0,13.5,6.0,0,18.0,1,M,F,M,F,0.2884615384615384
22137,MMFF,18.0,5.0,9.0,15.5,10.5,0,18.0,1,M,M,F,F,0.1346153846153846
22171,MMFF,14.0,2.0,5.0,13.0,9.0,1,9.0,1,M,M,F,F,0.1022727272727272
22223,FMMF,18.0,1.0,17.0,13.5,9.5,1,1.0,1,F,M,M,F,0.3152173913043478
22232,FMMF,17.0,2.0,16.0,9.0,9.0,1,1.0,1,F,M,M,F,0.4166666666666667
22234,MMFF,18.0,2.0,17.0,17.0,7.5,1,1.0,1,M,M,F,F,0.2704081632653061
22262,MMFF,29.0,11.0,25.0,23.5,9.5,0,29.0,1,M,M,F,F,0.2954545454545454
22263,MMFF,29.0,16.0,28.0,21.0,6.0,0,29.0,1,M,M,F,F,0.3981481481481481
22265,MFFM,29.0,13.0,19.0,19.5,16.0,0,29.0,1,M,F,F,M,0.2007042253521127
22266,MMFF,29.0,10.0,26.0,24.0,5.5,0,29.0,1,M,M,F,F,0.3771186440677966
22267,MFMF,29.0,10.0,24.0,21.5,12.0,0,29.0,1,M,F,M,F,0.2873134328358209
22275,MMFF,29.0,13.0,19.0,22.5,10.5,0,29.0,1,M,M,F,F,0.2348484848484848
22276,MFFM,29.0,8.0,19.0,19.5,17.0,0,29.0,1,M,F,F,M,0.2226027397260274
22278,MMFF,29.0,13.0,24.0,22.5,7.5,0,29.0,1,M,M,F,F,0.325
22279,MFMF,29.0,8.0,21.0,23.0,14.5,0,29.0,1,M,F,M,F,0.2233333333333333
22316,FFMM,18.0,2.0,14.0,7.0,17.0,1,18.0,1,F,F,M,M,0.25
22327,FMMF,16.0,3.0,7.0,12.5,12.5,1,9.0,1,F,M,M,F,0.11
22360,MFFM,19.0,3.0,10.0,14.0,13.5,1,11.0,1,M,F,F,M,0.1590909090909091
22403,MMFF,16.0,8.0,8.0,12.0,8.0,0,8.0,1,M,M,F,F,0.15
22568,FMMF,22.0,12.0,13.0,10.0,15.5,1,9.0,1,F,M,M,F,0.1911764705882352
22653,MMFF,25.0,8.0,17.0,21.0,8.5,1,9.0,1,M,M,F,F,0.25
22687,MMFF,19.0,3.0,17.0,17.5,6.5,1,11.0,1,M,M,F,F,0.2916666666666667
22770,MMFF,27.0,11.0,18.0,21.5,9.0,0,16.0,1,M,M,F,F,0.25
22797,MMFF,17.0,1.0,8.0,16.5,11.5,0,16.0,1,M,M,F,F,0.1160714285714285
22817,FFMM,17.0,7.0,16.0,2.5,13.5,1,10.0,1,F,F,M,M,0.421875
22844,MMFF,29.0,10.0,13.0,24.0,17.0,0,29.0,1,M,M,F,F,0.1219512195121951
22847,MFFM,29.0,12.0,27.0,15.5,16.5,0,29.0,1,M,F,F,M,0.3203125
22853,MFFM,29.0,12.0,20.0,19.0,15.5,0,29.0,1,M,F,F,M,0.2282608695652173
22872,FMFM,9.0,3.0,6.0,4.5,7.5,0,6.0,1,F,M,F,M,0.1875
22873,MMFF,14.0,8.0,13.0,10.0,2.5,0,6.0,1,M,M,F,F,0.41
22879,FMMF,12.0,0.0,8.0,9.0,8.0,0,6.0,2,F,M,M,F,0.2205882352941176
22978,MFFM,16.0,2.0,7.0,12.5,12.0,1,14.0,1,M,F,F,M,0.1275510204081632
22987,MFMF,20.0,1.0,9.0,19.0,15.0,0,20.0,1,M,F,M,F,0.1029411764705882
23013,MFFM,20.0,4.0,12.0,14.0,15.0,0,20.0,1,M,F,F,M,0.1637931034482758
23019,MFFM,20.0,6.0,12.0,14.0,11.5,0,20.0,1,M,F,F,M,0.2009803921568627
23023,MFFM,19.0,8.0,8.0,15.0,11.0,1,11.0,1,M,F,F,M,0.1153846153846153
23067,MMFF,23.0,6.0,13.0,20.0,13.0,1,10.0,1,M,M,F,F,0.1515151515151515
23192,MFFM,25.0,4.0,16.0,17.0,16.0,0,25.0,1,M,F,F,M,0.2196969696969697
23199,MFFM,25.0,9.0,9.0,20.5,16.0,0,25.0,1,M,F,F,M,0.0924657534246575
23273,MMFF,20.0,9.0,12.0,15.5,8.5,1,9.0,1,M,M,F,F,0.1979166666666666
23332,FMFM,17.0,0.0,6.0,14.0,14.0,1,17.0,2,F,M,F,M,0.1071428571428571
23336,FMFM,17.0,3.0,8.0,11.5,13.5,1,17.0,1,F,M,F,M,0.14
23352,MFFM,16.0,2.0,12.0,10.0,13.5,1,13.0,1,M,F,F,M,0.1968085106382978
23377,MFMF,16.0,8.0,11.0,11.0,6.5,1,5.0,1,M,F,M,F,0.25
23379,FMFM,17.0,1.0,13.0,10.0,11.0,1,5.0,1,F,M,F,M,0.2976190476190476
23446,FMMF,24.0,0.0,16.0,18.0,16.0,1,24.0,2,F,M,M,F,0.2205882352941176
23571,MMFF,17.0,1.0,13.0,16.5,8.0,1,4.0,1,M,M,F,F,0.2193877551020408
23580,MFFM,11.0,2.0,11.0,5.5,6.5,1,4.0,1,M,F,F,M,0.3958333333333333
23598,FMFM,25.0,8.0,12.0,15.0,20.5,0,17.0,1,F,M,F,M,0.130281690140845
23619,FMFM,20.0,2.0,7.0,15.5,18.5,1,17.0,1,F,M,F,M,0.0808823529411764
23660,MFMF,19.0,1.0,10.0,18.0,13.5,1,9.0,1,M,F,M,F,0.123015873015873
23683,FMMF,16.0,4.0,8.0,11.5,12.0,1,8.0,1,F,M,M,F,0.1329787234042553
23794,MFFM,25.0,4.0,15.0,17.5,19.0,1,21.0,1,M,F,F,M,0.1678082191780822
23798,FMMF,21.0,1.0,13.0,18.0,14.5,1,21.0,1,F,M,M,F,0.1653846153846153
23826,MFFM,19.0,4.0,7.0,15.5,14.5,0,19.0,1,M,F,F,M,0.0916666666666666
23887,MFMF,17.0,1.0,11.0,16.5,11.0,1,16.0,1,M,F,M,F,0.15
23906,MFFM,19.0,2.0,14.0,12.0,12.5,0,5.0,1,M,F,F,M,0.2602040816326531
23910,FMFM,18.0,0.0,13.0,11.5,14.0,0,5.0,2,F,M,F,M,0.230392156862745
23993,MFFM,18.0,2.0,10.0,13.0,12.5,1,16.0,1,M,F,F,M,0.1813725490196078
24093,MFMF,12.0,3.0,10.0,10.5,5.5,1,2.0,1,M,F,M,F,0.234375
24119,MFFM,24.0,6.0,12.0,18.0,17.0,1,18.0,1,M,F,F,M,0.1357142857142857
24125,FMFM,24.0,7.0,8.0,16.5,20.0,1,24.0,1,F,M,F,M,0.0856164383561643
24135,FFMM,24.0,6.0,14.0,14.0,21.0,1,24.0,1,F,F,M,M,0.15
24293,FMMF,16.0,0.0,12.0,13.0,10.0,1,16.0,2,F,M,M,F,0.2282608695652173
24321,MFFM,20.0,9.0,17.0,11.5,10.0,0,20.0,1,M,F,F,M,0.3081395348837209
24366,FMFM,21.0,5.0,13.0,12.0,15.5,1,21.0,1,F,M,F,M,0.2045454545454545
24371,MFFM,24.0,3.0,12.0,18.0,18.5,1,21.0,1,M,F,F,M,0.1404109589041096
24372,FMFM,21.0,4.0,21.0,8.5,15.0,1,21.0,1,F,M,F,M,0.3776595744680851
24418,FMFM,19.0,7.0,10.0,10.5,14.5,1,19.0,1,F,M,F,M,0.16
24442,FMMF,16.0,0.0,16.0,12.0,8.0,1,0.0,2,F,M,M,F,0.35
24444,FMMF,18.0,7.0,18.0,10.0,9.0,1,0.0,1,F,M,M,F,0.3684210526315789
24489,FMMF,24.0,7.0,16.0,14.5,16.0,1,24.0,1,F,M,M,F,0.2172131147540983
24541,MFMF,12.0,2.0,11.0,10.0,5.5,0,12.0,1,M,F,M,F,0.282258064516129
24565,MMFF,20.0,5.0,20.0,17.5,5.0,1,0.0,1,M,M,F,F,0.3611111111111111
24570,MFMF,24.0,16.0,24.0,16.0,4.0,1,0.0,1,M,F,M,F,0.45
24574,FMMF,17.0,5.0,17.0,11.5,8.5,1,0.0,1,F,M,M,F,0.325
24575,MFMF,12.0,1.0,12.0,11.5,5.5,1,0.0,1,M,F,M,F,0.2647058823529412
24602,FFMM,24.0,5.0,12.0,12.0,21.5,1,24.0,1,F,F,M,M,0.1604477611940298
24604,MFFM,26.0,2.0,16.0,18.0,20.5,1,24.0,1,M,F,F,M,0.1785714285714285
24654,FMFM,24.0,14.0,20.0,7.0,16.0,1,24.0,1,F,M,F,M,0.3369565217391304
24784,FMFM,20.0,1.0,12.0,13.5,15.5,0,19.0,1,F,M,F,M,0.1896551724137931
25001,FMMF,21.0,1.0,19.0,18.5,11.5,1,2.0,1,F,M,M,F,0.25
25021,FMFM,24.0,3.0,22.0,11.5,16.5,0,21.0,1,F,M,F,M,0.3482142857142857
25028,MFFM,21.0,3.0,18.0,12.0,14.0,0,21.0,1,M,F,F,M,0.2980769230769231
25069,FMFM,19.0,8.0,11.0,9.5,14.0,0,8.0,1,F,M,F,M,0.1861702127659574
25113,MMFF,22.0,7.0,19.0,18.5,5.5,0,15.0,1,M,M,F,F,0.3333333333333333
25117,FMMF,20.0,1.0,9.0,17.0,15.5,0,15.0,1,F,M,M,F,0.1192307692307692
25121,FMFM,17.0,0.0,11.0,11.5,12.5,0,6.0,2,F,M,F,M,0.21875
25122,MFFM,17.0,4.0,11.0,11.5,12.0,0,6.0,1,M,F,F,M,0.1861702127659574
25129,FFMM,19.0,3.0,13.0,11.0,17.5,0,6.0,1,F,F,M,M,0.1710526315789473
25132,MFFM,19.0,1.0,13.0,12.5,13.5,0,6.0,1,M,F,F,M,0.2307692307692307
25174,FFMM,17.0,1.0,9.0,10.0,16.5,1,16.0,1,F,F,M,M,0.1462264150943396
25252,MMFF,17.0,1.0,9.0,16.5,9.0,1,8.0,1,M,M,F,F,0.1617647058823529
25290,MFFM,25.0,11.0,17.0,16.5,12.5,0,25.0,1,M,F,F,M,0.2327586206896551
25296,MMFF,25.0,16.0,20.0,17.0,6.5,0,25.0,1,M,M,F,F,0.324468085106383
25328,FMFM,22.0,0.0,12.0,16.0,19.5,1,22.0,2,F,M,F,M,0.1443661971830986
25331,FFMM,22.0,5.0,14.0,9.5,19.5,1,22.0,1,F,F,M,M,0.2068965517241379
25340,FMMF,22.0,3.0,13.0,17.5,15.5,1,22.0,1,F,M,M,F,0.1590909090909091
25363,FFMM,17.0,1.0,15.0,5.5,16.5,0,2.0,1,F,F,M,M,0.2954545454545454
25364,FMFM,16.0,3.0,14.0,7.5,13.0,0,2.0,1,F,M,F,M,0.274390243902439
25374,FFMM,25.0,8.0,23.0,5.0,21.0,0,2.0,1,F,F,M,M,0.375
25412,MFMF,18.0,4.0,17.0,12.5,7.5,1,14.0,1,M,F,M,F,0.3625
25433,MFFM,24.0,6.0,19.0,14.5,15.0,0,5.0,1,M,F,F,M,0.2669491525423729
25449,MMFF,22.0,6.0,20.0,19.0,3.5,1,2.0,1,M,M,F,F,0.3944444444444444
25452,MMFF,14.0,3.0,13.0,12.5,1.5,1,2.0,1,M,M,F,F,0.4285714285714285
25460,MMFF,29.0,8.0,27.0,25.0,7.0,1,2.0,1,M,M,F,F,0.3515625
25472,FFMM,12.0,0.0,8.0,7.5,12.0,1,12.0,2,F,F,M,M,0.1602564102564102
25499,MMFF,20.0,2.0,11.0,19.0,10.5,0,20.0,1,M,M,F,F,0.1652542372881356
25560,MFMF,24.0,8.0,20.0,17.5,10.0,0,11.0,1,M,F,M,F,0.2954545454545454
25632,MFFM,17.0,3.0,9.0,12.5,12.5,1,14.0,1,M,F,F,M,0.15
25703,FMMF,10.0,0.0,7.0,7.0,6.5,1,3.0,2,F,M,M,F,0.25
25742,FFMM,9.0,5.0,8.0,2.0,6.5,1,4.0,1,F,F,M,M,0.3676470588235294
25783,MFFM,18.0,7.0,16.0,10.0,9.5,0,18.0,1,M,F,F,M,0.3269230769230769
25805,MMFF,12.0,1.0,11.0,11.5,4.5,0,12.0,1,M,M,F,F,0.28125
25815,FMMF,29.0,13.0,28.0,14.0,15.0,0,12.0,1,F,M,M,F,0.3793103448275862
25819,MFFM,12.0,0.0,10.0,7.0,10.0,0,12.0,2,M,F,F,M,0.25
25824,FMFM,18.0,5.0,6.0,12.5,15.0,0,13.0,1,F,M,F,M,0.0863636363636363
25844,MFMF,20.0,3.0,8.0,18.0,14.5,0,16.0,1,M,F,M,F,0.0961538461538461
25870,MFFM,20.0,8.0,12.0,14.0,11.5,1,12.0,1,M,F,F,M,0.1813725490196078
25924,MFMF,14.0,6.0,13.0,10.5,4.5,0,7.0,1,M,F,M,F,0.3333333333333333
25928,FMMF,16.0,5.0,12.0,9.0,10.0,0,7.0,1,F,M,M,F,0.2631578947368421
25936,FMFM,11.0,4.0,11.0,3.5,7.5,0,7.0,1,F,M,F,M,0.4090909090909091
25938,MFMF,19.0,3.0,12.0,13.0,11.5,0,7.0,1,M,F,M,F,0.2295918367346938
25940,FMMF,16.0,4.0,14.0,9.5,9.0,0,7.0,1,F,M,M,F,0.3175675675675675
25947,MMFF,25.0,7.0,16.0,21.5,13.0,0,25.0,1,M,M,F,F,0.1775362318840579
25950,MFMF,25.0,9.0,15.0,19.5,13.0,0,25.0,1,M,F,M,F,0.1807692307692307
25965,MMFF,11.0,0.0,11.0,11.0,2.0,0,11.0,2,M,M,F,F,0.3846153846153846
26033,MMFF,24.0,4.0,14.0,22.0,11.5,1,10.0,1,M,M,F,F,0.1828358208955224
26043,FMFM,16.0,2.0,10.0,10.0,12.5,1,9.0,1,F,M,F,M,0.1944444444444444
26092,FMMF,25.0,9.0,22.0,12.0,14.0,1,25.0,1,F,M,M,F,0.3557692307692308
26095,FFMM,25.0,9.0,17.0,11.5,20.5,1,25.0,1,F,F,M,M,0.203125
26096,FMMF,25.0,7.0,21.0,17.0,14.5,1,25.0,1,F,M,M,F,0.2579365079365079
26107,MFMF,28.0,12.0,21.0,22.0,11.5,1,7.0,1,M,F,M,F,0.2350746268656716
26115,FMFM,12.0,0.0,9.0,7.5,9.5,1,7.0,2,F,M,F,M,0.2352941176470588
26127,FMMF,22.0,1.0,14.0,20.5,15.0,1,22.0,1,F,M,M,F,0.1514084507042253
26134,MFFM,24.0,2.0,14.0,17.0,19.5,1,22.0,1,M,F,F,M,0.160958904109589
26140,FFMM,22.0,3.0,8.0,16.0,20.5,1,22.0,1,F,F,M,M,0.0856164383561643
26248,FFMM,20.0,3.0,7.0,14.5,18.5,1,20.0,1,F,F,M,M,0.0833333333333333
26284,MFMF,24.0,7.0,10.0,20.0,15.5,1,14.0,1,M,F,M,F,0.1091549295774647
26294,FFMM,16.0,2.0,6.0,12.0,15.0,1,14.0,1,F,F,M,M,0.0833333333333333
26311,FMMF,19.0,7.0,16.0,10.0,11.0,1,19.0,1,F,M,M,F,0.3095238095238095
26313,MFFM,25.0,6.0,22.0,14.0,17.5,1,19.0,1,M,F,F,M,0.2738095238095238
26325,MFFM,24.0,6.0,16.0,16.0,13.5,0,24.0,1,M,F,F,M,0.2415254237288135
26333,MMFF,24.0,5.0,15.0,21.5,13.0,0,24.0,1,M,M,F,F,0.1702898550724637
26374,FMMF,22.0,3.0,9.0,17.5,17.5,0,19.0,1,F,M,M,F,0.1071428571428571
26409,FMMF,18.0,2.0,6.0,15.5,15.0,0,15.0,1,F,M,M,F,0.0778688524590164
26568,MFMF,16.0,4.0,12.0,12.5,8.0,0,9.0,1,M,F,M,F,0.2378048780487804
26614,MMFF,13.0,4.0,5.0,11.0,8.0,1,8.0,1,M,M,F,F,0.1052631578947368
26662,FMFM,8.0,3.0,8.0,2.5,4.5,1,1.0,1,F,M,F,M,0.5
26673,FMMF,18.0,1.0,17.0,11.0,9.5,1,1.0,1,F,M,M,F,0.3841463414634146
26676,MFMF,11.0,1.0,10.0,9.5,5.5,1,1.0,1,M,F,M,F,0.2666666666666666
26771,FMMF,19.0,2.0,11.0,14.0,13.5,1,19.0,1,F,M,M,F,0.1772727272727272
26781,MMFF,32.0,12.0,27.0,26.0,11.0,0,32.0,1,M,M,F,F,0.2837837837837837
26782,MFMF,32.0,22.0,28.0,20.5,7.0,0,32.0,1,M,F,M,F,0.3863636363636363
26785,MMFF,32.0,21.0,24.0,21.5,8.0,0,32.0,1,M,M,F,F,0.3177966101694915
26786,MFFM,32.0,16.0,21.0,21.5,16.0,0,32.0,1,M,F,F,M,0.21
26789,MFFM,32.0,6.0,21.0,21.5,21.0,0,32.0,1,M,F,F,M,0.2147058823529411
26792,MMFF,32.0,9.0,16.0,27.5,18.0,0,32.0,1,M,M,F,F,0.1401098901098901
26793,MFFM,32.0,16.0,24.0,20.0,13.5,0,32.0,1,M,F,F,M,0.2873134328358209
26798,MFFM,32.0,16.0,24.0,20.0,12.0,0,32.0,1,M,F,F,M,0.3125
26823,MMFF,19.0,2.0,11.0,18.0,8.0,0,19.0,1,M,M,F,F,0.2019230769230769
26841,MFFM,24.0,9.0,16.0,16.0,12.5,1,15.0,1,M,F,F,M,0.2324561403508772
26854,MFMF,16.0,1.0,7.0,14.5,12.0,1,15.0,1,M,F,M,F,0.1084905660377358
26856,FFMM,16.0,1.0,16.0,5.5,15.5,1,15.0,1,F,F,M,M,0.3095238095238095
26885,MFMF,17.0,5.0,9.0,14.5,10.0,1,8.0,1,M,F,M,F,0.1377551020408163
26907,FFMM,14.0,2.0,14.0,6.0,13.0,0,0.0,1,F,F,M,M,0.2763157894736842
26920,FMFM,14.0,1.0,14.0,6.5,13.0,0,0.0,1,F,M,F,M,0.2756410256410256
26946,MFMF,21.0,5.0,18.0,16.0,9.5,1,16.0,1,M,F,M,F,0.2892156862745098
26962,MMFF,24.0,8.0,16.0,20.0,10.0,0,24.0,1,M,M,F,F,0.2166666666666666
26976,MMFF,24.0,7.0,20.0,20.5,8.5,0,24.0,1,M,M,F,F,0.2758620689655172
27023,FMFM,17.0,4.0,10.0,10.0,12.5,1,8.0,1,F,M,F,M,0.1944444444444444
27079,FMFM,17.0,0.0,8.0,13.0,14.0,1,11.0,2,F,M,F,M,0.1388888888888889
27106,FMFM,17.0,1.0,17.0,8.0,12.5,0,0.0,1,F,M,F,M,0.3597560975609756
27123,FMFM,24.0,6.0,14.0,14.0,17.0,1,24.0,1,F,M,F,M,0.2016129032258064
27166,MFFM,16.0,7.0,11.0,10.5,9.0,0,16.0,1,M,F,F,M,0.2115384615384615
27181,FMFM,21.0,8.0,20.0,7.0,12.0,1,21.0,1,F,M,F,M,0.4605263157894737
27186,FMMF,21.0,5.0,12.0,13.0,15.0,1,21.0,1,F,M,M,F,0.1875
27229,MFMF,20.0,10.0,19.0,14.5,5.5,1,1.0,1,M,F,M,F,0.3625
27262,MFMF,24.0,8.0,22.0,20.0,9.0,1,2.0,1,M,F,M,F,0.2844827586206896
27348,MMFF,17.0,5.0,10.0,14.5,8.0,1,7.0,1,M,M,F,F,0.1833333333333333
27366,FFMM,20.0,6.0,20.0,6.0,17.0,0,0.0,1,F,F,M,M,0.3369565217391304
27380,FFMM,17.0,6.0,17.0,5.0,14.0,0,0.0,1,F,F,M,M,0.3421052631578947
27451,MFFM,18.0,2.0,17.0,9.5,14.5,0,1.0,1,M,F,F,M,0.28125
27457,FMFM,26.0,15.0,25.0,6.0,17.5,0,1.0,1,F,M,F,M,0.4095744680851064
27459,FMFM,12.0,1.0,11.0,6.0,9.5,0,1.0,1,F,M,F,M,0.2983870967741935
27482,MMFF,24.0,2.0,21.0,23.0,10.0,0,22.0,1,M,M,F,F,0.2575757575757575
27483,MFFM,22.0,4.0,9.0,17.5,16.0,0,22.0,1,M,F,F,M,0.1156716417910447
27485,MFMF,22.0,6.0,10.0,18.5,14.0,0,22.0,1,M,F,M,F,0.1192307692307692
27486,MMFF,22.0,5.0,9.0,19.5,14.5,0,22.0,1,M,M,F,F,0.1029411764705882
27491,MMFF,22.0,3.0,12.0,20.5,13.0,0,22.0,1,M,M,F,F,0.1455223880597015
27576,MMFF,17.0,6.0,14.0,14.0,6.0,1,3.0,1,M,M,F,F,0.275
27595,MFMF,17.0,1.0,13.0,12.5,10.0,0,17.0,1,M,F,M,F,0.2611111111111111
27609,FFMM,16.0,7.0,13.0,6.0,12.5,0,3.0,1,F,F,M,M,0.2635135135135135
27614,MFFM,18.0,1.0,15.0,10.5,12.5,0,3.0,1,M,F,F,M,0.2934782608695652
27623,FFMM,17.0,7.0,13.0,6.5,13.5,0,4.0,1,F,F,M,M,0.25
27706,MMFF,18.0,1.0,9.0,17.5,9.5,1,10.0,1,M,M,F,F,0.1574074074074074
27741,MMFF,24.0,14.0,16.0,17.0,8.5,0,24.0,1,M,M,F,F,0.2401960784313725
27757,MFFM,24.0,8.0,13.0,17.5,13.5,0,24.0,1,M,F,F,M,0.1774193548387097
27792,FMFM,13.0,3.0,4.0,9.5,11.0,1,13.0,1,F,M,F,M,0.0792682926829268
27840,MMFF,15.0,1.0,13.0,14.5,6.0,1,10.0,1,M,M,F,F,0.2621951219512195
27890,FMFM,16.0,5.0,7.0,10.0,13.5,0,11.0,1,F,M,F,M,0.1117021276595744
27906,FFMM,14.0,1.0,6.0,8.0,13.5,1,14.0,1,F,F,M,M,0.1337209302325581
27909,MMFF,21.0,5.0,13.0,18.5,11.0,1,14.0,1,M,M,F,F,0.173728813559322
27911,MFMF,16.0,2.0,15.0,12.5,7.5,1,14.0,1,M,F,M,F,0.3125
27971,MFFM,22.0,10.0,17.0,13.5,11.5,0,5.0,1,M,F,F,M,0.26
28008,MFFM,16.0,4.0,16.0,8.0,10.0,0,0.0,1,M,F,F,M,0.3611111111111111
28102,MMFF,18.0,6.0,16.0,15.0,6.0,1,2.0,1,M,M,F,F,0.2976190476190476
28108,MMFF,12.0,1.0,10.0,11.5,2.5,1,2.0,1,M,M,F,F,0.3392857142857143
28115,FMMF,16.0,0.0,14.0,12.0,9.0,1,2.0,2,F,M,M,F,0.2976190476190476
28123,FMMF,13.0,1.0,3.0,11.0,11.5,0,10.0,1,F,M,M,F,0.0611111111111111
28141,FMMF,19.0,4.0,11.0,14.5,13.5,1,19.0,1,F,M,M,F,0.1517857142857142
28158,FMFM,19.0,4.0,11.0,11.5,14.0,1,19.0,1,F,M,F,M,0.1911764705882352
28203,MFMF,15.0,2.0,4.0,13.5,12.0,0,15.0,1,M,F,M,F,0.0637254901960784
28208,FMMF,24.0,9.0,16.0,12.0,16.0,0,15.0,1,F,M,M,F,0.2410714285714285
28222,MFMF,17.0,1.0,11.0,12.5,11.0,1,6.0,1,M,F,M,F,0.2180851063829787
28226,MFMF,24.0,8.0,18.0,20.0,11.0,1,6.0,1,M,F,M,F,0.2177419354838709
28227,MFMF,11.0,2.0,5.0,10.0,7.5,1,6.0,1,M,F,M,F,0.1071428571428571
28231,MFFM,18.0,2.0,15.0,10.5,11.0,1,6.0,1,M,F,F,M,0.3197674418604651
28283,MFMF,18.0,2.0,15.0,12.0,9.5,0,6.0,1,M,F,M,F,0.3197674418604651
28294,FFMM,17.0,0.0,11.0,9.5,17.0,0,6.0,2,F,F,M,M,0.1745283018867924
28428,FMFM,17.0,1.0,9.0,12.0,14.5,1,12.0,1,F,M,F,M,0.1462264150943396
28558,MFFM,24.0,8.0,13.0,17.5,16.0,0,24.0,1,M,F,F,M,0.1455223880597015
28607,FFMM,23.0,11.0,14.0,10.0,17.5,0,11.0,1,F,F,M,M,0.1954545454545454
28632,MFFM,18.0,4.0,9.0,13.5,13.0,0,9.0,1,M,F,F,M,0.1367924528301886
28655,MFMF,24.0,6.0,20.0,17.0,11.0,1,18.0,1,M,F,M,F,0.3035714285714285
28746,MMFF,24.0,13.0,21.0,17.5,6.5,1,3.0,1,M,M,F,F,0.3333333333333333
28755,MFMF,25.0,8.0,22.0,17.0,10.0,1,3.0,1,M,F,M,F,0.3425925925925926
28800,MFMF,17.0,0.0,9.0,14.5,12.5,0,17.0,2,M,F,M,F,0.1481481481481481
28937,MFFM,19.0,3.0,16.0,11.0,13.0,0,3.0,1,M,F,F,M,0.28125
28951,FMMF,16.0,3.0,16.0,10.5,8.0,1,0.0,1,F,M,M,F,0.3581081081081081
29032,MFMF,18.0,1.0,7.0,17.5,14.0,1,17.0,1,M,F,M,F,0.0833333333333333
29088,MFMF,9.0,1.0,5.0,8.5,6.0,1,4.0,1,M,F,M,F,0.1293103448275862
29133,FFMM,19.0,10.0,18.0,2.5,14.0,0,1.0,1,F,F,M,M,0.4469696969696969
29135,MFFM,17.0,8.0,16.0,9.0,8.5,0,1.0,1,M,F,F,M,0.35
29162,MFMF,25.0,8.0,16.0,19.0,13.0,0,13.0,1,M,F,M,F,0.203125
29240,FMMF,13.0,1.0,4.0,10.5,11.0,0,9.0,1,F,M,M,F,0.0872093023255814
29411,MMFF,11.0,0.0,11.0,11.0,4.0,0,11.0,2,M,M,F,F,0.3
29435,FMMF,20.0,7.0,17.0,11.0,11.5,1,20.0,1,F,M,M,F,0.3055555555555556
29437,FFMM,20.0,9.0,16.0,6.0,15.5,1,20.0,1,F,F,M,M,0.2965116279069767
29467,FFMM,18.0,8.0,14.0,6.0,14.0,0,4.0,1,F,F,M,M,0.275
29469,FMFM,18.0,0.0,14.0,11.0,13.5,0,4.0,2,F,M,F,M,0.2602040816326531
29471,FFMM,17.0,6.0,13.0,7.0,14.0,0,4.0,1,F,F,M,M,0.238095238095238
29495,FFMM,22.0,6.0,21.0,4.0,19.0,0,1.0,1,F,F,M,M,0.391304347826087
29516,MFMF,25.0,13.0,17.0,17.5,10.0,1,12.0,1,M,F,M,F,0.2409090909090909
29578,MFMF,25.0,4.0,15.0,18.0,15.5,0,25.0,1,M,F,M,F,0.2052238805970149
29727,MFFM,16.0,7.0,14.0,9.0,7.5,1,6.0,1,M,F,F,M,0.3409090909090909
29760,MFMF,20.0,6.0,8.0,17.0,13.0,1,14.0,1,M,F,M,F,0.1
29769,FMMF,12.0,0.0,5.0,11.5,9.5,1,7.0,2,F,M,M,F,0.0952380952380952
29773,MFFM,18.0,2.0,15.0,10.5,11.5,1,7.0,1,M,F,F,M,0.3068181818181818
29774,MFMF,17.0,5.0,10.0,13.5,9.5,1,7.0,1,M,F,M,F,0.1739130434782608
29901,FFMM,25.0,8.0,17.0,10.0,21.0,1,25.0,1,F,F,M,M,0.2258064516129032
29907,FMMF,25.0,5.0,20.0,13.0,15.0,1,25.0,1,F,M,M,F,0.3303571428571428
29922,FMFM,16.0,10.0,13.0,4.5,10.0,1,4.0,1,F,M,F,M,0.3534482758620689
29929,MFMF,14.0,6.0,10.0,9.5,6.0,1,4.0,1,M,F,M,F,0.2661290322580645
29934,FMMF,16.0,0.0,12.0,14.5,10.0,1,4.0,2,F,M,M,F,0.1989795918367347
30008,MMFF,17.0,1.0,17.0,16.5,4.0,1,0.0,1,M,M,F,F,0.3597560975609756
30016,MMFF,21.0,10.0,21.0,16.0,4.0,1,0.0,1,M,M,F,F,0.4125
30076,FFMM,20.0,9.0,12.0,8.5,15.5,0,9.0,1,F,F,M,M,0.1979166666666666
30140,FMFM,16.0,5.0,16.0,5.5,12.5,0,11.0,1,F,M,F,M,0.3472222222222222
30153,FMFM,18.0,1.0,7.0,14.0,16.0,1,18.0,1,F,M,F,M,0.1
30191,MFMF,26.0,2.0,23.0,14.5,13.5,0,3.0,1,M,F,M,F,0.4017857142857143
30239,MFMF,17.0,1.0,11.0,15.0,11.0,1,16.0,1,M,F,M,F,0.173076923076923
30361,MMFF,30.0,5.0,20.0,27.5,14.0,0,30.0,1,M,M,F,F,0.2018072289156626
30362,MMFF,30.0,5.0,29.0,27.5,2.5,0,30.0,1,M,M,F,F,0.45
30363,MFMF,30.0,9.0,19.0,23.0,16.0,0,30.0,1,M,F,M,F,0.1987179487179487
30364,MMFF,30.0,10.0,18.0,25.0,14.0,0,30.0,1,M,M,F,F,0.1858974358974359
30365,MFFM,30.0,11.0,19.0,20.5,17.5,0,30.0,1,M,F,F,M,0.1973684210526315
30366,MFFM,30.0,13.0,20.0,20.0,17.0,0,30.0,1,M,F,F,M,0.2027027027027027
30367,MMFF,30.0,13.0,19.0,23.5,11.5,0,30.0,1,M,M,F,F,0.2214285714285714
30368,MFMF,30.0,14.0,21.0,23.0,12.5,0,30.0,1,M,F,M,F,0.2218309859154929
30369,MMFF,30.0,11.0,21.0,24.5,9.5,0,30.0,1,M,M,F,F,0.2647058823529412
30370,MMFF,30.0,20.0,22.0,20.0,8.5,0,30.0,1,M,M,F,F,0.293859649122807
30371,MFFM,30.0,6.0,25.0,17.5,16.5,0,30.0,1,M,F,F,M,0.3308823529411764
30372,MFFM,30.0,14.0,24.0,18.0,16.0,0,30.0,1,M,F,F,M,0.2647058823529412
30373,MFFM,30.0,13.0,22.0,19.0,14.0,0,30.0,1,M,F,F,M,0.2727272727272727
30374,MFMF,30.0,13.0,18.0,23.0,14.5,0,30.0,1,M,F,M,F,0.1833333333333333
30375,MFFM,30.0,14.0,14.0,23.0,16.0,0,30.0,1,M,F,F,M,0.1346153846153846
30376,MFFM,30.0,11.0,28.0,16.0,16.5,0,30.0,1,M,F,F,M,0.3423076923076923
30377,MMFF,30.0,14.0,20.0,23.0,10.0,0,30.0,1,M,M,F,F,0.25
30378,MFMF,30.0,11.0,22.0,22.5,13.5,0,30.0,1,M,F,M,F,0.2430555555555555
30379,MFMF,30.0,14.0,30.0,20.5,8.0,0,30.0,1,M,F,M,F,0.4166666666666667
30380,MFMF,30.0,9.0,25.0,24.0,13.0,0,30.0,1,M,F,M,F,0.2635135135135135
30393,FMMF,19.0,1.0,11.0,13.5,13.5,1,19.0,1,F,M,M,F,0.1944444444444444
30403,MFFM,23.0,6.0,15.0,15.5,14.5,0,8.0,1,M,F,F,M,0.2083333333333333
30428,FFMM,16.0,0.0,13.0,7.0,16.0,0,3.0,2,F,F,M,M,0.2391304347826087
30431,FFMM,18.0,3.0,15.0,5.5,16.5,0,3.0,1,F,F,M,M,0.2954545454545454
30461,MMFF,28.0,11.0,22.0,22.5,11.0,0,28.0,1,M,M,F,F,0.25
30463,MFMF,28.0,10.0,22.0,21.5,12.0,0,28.0,1,M,F,M,F,0.2574626865671642
30467,MFMF,28.0,19.0,24.0,18.0,6.5,0,28.0,1,M,F,M,F,0.3724489795918367
30469,MFFM,28.0,12.0,20.0,18.0,16.0,0,28.0,1,M,F,F,M,0.2205882352941176
30474,MFFM,28.0,9.0,19.0,18.5,14.0,0,28.0,1,M,F,F,M,0.2576923076923076
30478,MFFM,28.0,8.0,24.0,16.0,15.5,0,28.0,1,M,F,F,M,0.3214285714285714
30479,MFFM,28.0,11.0,19.0,18.5,14.5,0,28.0,1,M,F,F,M,0.2348484848484848
30502,FMFM,20.0,3.0,19.0,9.0,14.0,1,20.0,1,F,M,F,M,0.358695652173913
30505,MFMF,24.0,4.0,16.0,17.5,14.0,1,20.0,1,M,F,M,F,0.2261904761904762
30509,FMMF,20.0,9.0,12.0,11.0,14.0,1,20.0,1,F,M,M,F,0.18
30516,FMFM,20.0,0.0,20.0,10.0,19.5,1,20.0,2,F,M,F,M,0.2584745762711864
30521,FFMM,26.0,13.0,16.0,10.5,19.5,1,26.0,1,F,F,M,M,0.2083333333333333
30525,FFMM,26.0,2.0,10.0,17.5,25.0,1,26.0,1,F,F,M,M,0.1029411764705882
30527,FMFM,26.0,14.0,24.0,7.0,17.0,1,26.0,1,F,M,F,M,0.3958333333333333
30530,FMFM,26.0,1.0,11.0,20.0,21.5,1,26.0,1,F,M,F,M,0.1234939759036144
30533,FFMM,26.0,5.0,17.0,10.0,23.5,1,26.0,1,F,F,M,M,0.2276119402985074
30538,FMFM,26.0,10.0,15.0,13.5,18.5,1,26.0,1,F,M,F,M,0.1953125
30539,MFMF,28.0,2.0,17.0,23.0,18.5,1,26.0,1,M,F,M,F,0.1777108433734939
30567,MFFM,17.0,1.0,3.0,15.5,16.0,0,17.0,1,M,F,F,M,0.0357142857142857
30576,MFFM,17.0,4.0,13.0,10.5,11.5,0,17.0,1,M,F,F,M,0.2386363636363636
30582,MMFF,29.0,13.0,21.0,22.5,8.5,0,29.0,1,M,M,F,F,0.282258064516129
30590,MMFF,35.0,6.0,27.0,32.0,8.0,0,29.0,1,M,M,F,F,0.31875
30598,MMFF,29.0,5.0,25.0,26.5,7.5,0,29.0,1,M,M,F,F,0.3235294117647059
30664,FMFM,16.0,0.0,16.0,8.0,14.0,0,0.0,2,F,M,F,M,0.2954545454545454
30668,FMFM,19.0,0.0,19.0,9.5,16.5,0,0.0,2,F,M,F,M,0.2980769230769231
30673,MFFM,16.0,6.0,16.0,8.0,9.0,0,0.0,1,M,F,F,M,0.3676470588235294
30699,MFMF,17.0,6.0,9.0,13.5,9.5,1,11.0,1,M,F,M,F,0.1521739130434782
30713,MMFF,19.0,2.0,3.0,18.0,16.5,0,17.0,1,M,M,F,F,0.0326086956521739
30822,FMFM,26.0,2.0,23.0,13.5,18.5,0,3.0,1,F,M,F,M,0.3203125
30826,FMFM,16.0,5.0,13.0,7.0,12.0,0,3.0,1,F,M,F,M,0.2763157894736842
30903,MMFF,22.0,4.0,13.0,20.0,13.0,0,22.0,1,M,M,F,F,0.1515151515151515
30910,MFFM,22.0,4.0,6.0,19.0,17.0,0,22.0,1,M,F,F,M,0.0694444444444444
30989,MMFF,23.0,5.0,15.0,20.5,12.5,1,8.0,1,M,M,F,F,0.1742424242424242
31032,MFFM,29.0,9.0,27.0,15.5,14.0,0,2.0,1,M,F,F,M,0.3940677966101695
31035,MFFM,24.0,11.0,22.0,13.0,11.0,0,2.0,1,M,F,F,M,0.3645833333333333
31095,MFFM,23.0,10.0,14.0,16.0,11.5,1,13.0,1,M,F,F,M,0.2045454545454545
31153,MFFM,12.0,1.0,8.0,8.0,11.0,1,11.0,1,M,F,F,M,0.1578947368421052
31163,MMFF,22.0,7.0,13.0,18.5,10.5,0,22.0,1,M,M,F,F,0.1810344827586207
31165,MMFF,22.0,10.0,14.0,17.0,8.5,0,22.0,1,M,M,F,F,0.2205882352941176
31171,MMFF,22.0,10.0,17.0,17.0,7.0,0,22.0,1,M,M,F,F,0.28125
31173,MFFM,22.0,4.0,14.0,15.0,17.5,0,22.0,1,M,F,F,M,0.1653846153846153
31185,MFFM,11.0,0.0,2.0,10.0,10.5,0,11.0,2,M,F,F,M,0.0426829268292682
31229,FMFM,16.0,0.0,8.0,12.0,14.5,0,8.0,2,F,M,F,M,0.1273584905660377
31248,FMMF,23.0,10.0,19.0,12.5,13.5,0,12.0,1,F,M,M,F,0.2788461538461538
31254,FMMF,24.0,8.0,16.0,14.0,16.0,0,12.0,1,F,M,M,F,0.2166666666666666
31292,FMMF,14.0,5.0,11.0,9.0,8.5,1,3.0,1,F,M,M,F,0.2357142857142857
31426,FMFM,16.0,4.0,16.0,6.0,12.0,0,12.0,1,F,M,F,M,0.3611111111111111
31445,MMFF,18.0,5.0,13.0,15.5,5.0,1,5.0,1,M,M,F,F,0.2865853658536585
31571,MFFM,9.0,1.0,4.0,7.0,8.0,0,5.0,1,M,F,F,M,0.1
31586,MMFF,12.0,4.0,9.0,10.0,3.0,1,3.0,1,M,M,F,F,0.3076923076923077
31597,MMFF,20.0,4.0,17.0,18.0,7.5,1,3.0,1,M,M,F,F,0.2696078431372549
31600,FMMF,21.0,1.0,18.0,20.0,12.0,1,3.0,1,F,M,M,F,0.2109375
31604,FMFM,17.0,4.0,9.0,10.5,13.5,0,8.0,1,F,M,F,M,0.15625
31607,FMMF,14.0,0.0,6.0,11.0,11.0,0,8.0,2,F,M,M,F,0.1363636363636363
31678,MFMF,25.0,7.0,15.0,21.5,14.0,0,25.0,1,M,F,M,F,0.1584507042253521
31730,MFFM,23.0,2.0,13.0,16.5,16.0,1,11.0,1,M,F,F,M,0.1884615384615384
31764,FFMM,18.0,5.0,9.0,10.5,15.5,1,13.0,1,F,F,M,M,0.1346153846153846
31818,MFMF,24.0,6.0,9.0,20.5,16.5,0,17.0,1,M,F,M,F,0.0945945945945946
31829,FFMM,24.0,4.0,15.0,12.0,22.0,1,20.0,1,F,F,M,M,0.1838235294117647
31915,MMFF,27.0,3.0,17.0,25.5,11.0,1,10.0,1,M,M,F,F,0.2157534246575342
31931,FMMF,20.0,4.0,11.0,14.0,14.5,0,16.0,1,F,M,M,F,0.1622807017543859
31978,MFFM,19.0,3.0,7.0,15.5,14.0,0,19.0,1,M,F,F,M,0.1059322033898305
32014,FMMF,14.0,1.0,6.0,12.5,11.0,1,14.0,1,F,M,M,F,0.101063829787234
32052,FMMF,16.0,0.0,10.0,14.5,11.0,1,6.0,2,F,M,M,F,0.1617647058823529
32191,MFFM,20.0,4.0,15.0,12.5,13.0,0,20.0,1,M,F,F,M,0.25
32252,FFMM,18.0,6.0,8.0,10.0,15.0,0,10.0,1,F,F,M,M,0.13
32266,MMFF,26.0,9.0,26.0,21.5,2.0,1,0.0,1,M,M,F,F,0.4840425531914893
32272,FMMF,16.0,0.0,16.0,14.0,8.0,1,0.0,2,F,M,M,F,0.2954545454545454
32393,MMFF,18.0,9.0,15.0,13.5,3.5,1,3.0,1,M,M,F,F,0.3676470588235294
32412,MFFM,26.0,9.0,17.0,17.5,15.0,1,13.0,1,M,F,F,M,0.2115384615384615
32421,MMFF,27.0,15.0,17.0,19.5,10.5,0,27.0,1,M,M,F,F,0.2166666666666666
32423,MFFM,27.0,15.0,18.0,18.0,11.5,0,27.0,1,M,F,F,M,0.2330508474576271
32424,MFMF,27.0,9.0,21.0,21.5,12.0,0,27.0,1,M,F,M,F,0.2425373134328358
32425,MMFF,27.0,16.0,17.0,19.0,10.0,0,27.0,1,M,M,F,F,0.2241379310344827
32426,MMFF,27.0,4.0,19.0,25.0,12.5,0,27.0,1,M,M,F,F,0.21
32431,MFMF,27.0,7.0,18.0,21.5,14.5,0,27.0,1,M,F,M,F,0.2013888888888889
32434,MMFF,27.0,9.0,15.0,22.5,12.5,0,27.0,1,M,M,F,F,0.1785714285714285
32496,MFFM,18.0,1.0,7.0,14.5,17.0,0,18.0,1,M,F,F,M,0.0833333333333333
32507,MMFF,27.0,10.0,19.0,22.0,12.0,1,16.0,1,M,M,F,F,0.213235294117647
32536,MMFF,24.0,5.0,13.0,21.5,14.5,0,24.0,1,M,M,F,F,0.1388888888888889
32638,FFMM,21.0,7.0,19.0,6.5,17.5,1,21.0,1,F,F,M,M,0.3125
32662,MFMF,26.0,9.0,17.0,20.0,13.0,0,26.0,1,M,F,M,F,0.2045454545454545
32680,MMFF,26.0,10.0,23.0,21.0,5.5,0,26.0,1,M,M,F,F,0.3632075471698113
32707,FMMF,17.0,8.0,11.0,9.0,11.5,0,9.0,1,F,M,M,F,0.2012195121951219
32726,MFFM,29.0,7.0,19.0,19.5,20.0,1,18.0,1,M,F,F,M,0.1930379746835443
32753,MFMF,20.0,2.0,11.0,15.5,13.5,0,20.0,1,M,F,M,F,0.1724137931034483
32782,FMMF,25.0,7.0,15.0,17.5,17.5,1,25.0,1,F,M,M,F,0.1642857142857142
32783,FFMM,25.0,8.0,16.0,12.5,21.0,1,25.0,1,F,F,M,M,0.1828358208955224
32994,FMMF,24.0,7.0,12.0,16.5,18.0,1,24.0,1,F,M,M,F,0.1340579710144927
33029,MFFM,17.0,1.0,13.0,10.5,15.5,1,15.0,1,M,F,F,M,0.1923076923076923
33033,MMFF,34.0,18.0,31.0,25.0,9.0,1,15.0,1,M,M,F,F,0.3455882352941176
33034,MFFM,16.0,1.0,7.0,12.5,13.5,1,15.0,1,M,F,F,M,0.1153846153846153
33040,MFFM,18.0,2.0,10.0,13.0,15.5,1,15.0,1,M,F,F,M,0.1359649122807017
33088,FFMM,16.0,4.0,7.0,9.5,14.0,1,16.0,1,F,F,M,M,0.1223404255319148
33132,FMFM,17.0,4.0,8.0,11.0,13.5,1,10.0,1,F,M,F,M,0.1377551020408163
33141,MMFF,21.0,4.0,15.0,19.0,11.0,1,6.0,1,M,M,F,F,0.1916666666666666
33150,FMMF,12.0,0.0,6.0,11.0,9.0,1,6.0,2,F,M,M,F,0.125
33206,FMFM,25.0,11.0,17.0,11.0,16.5,1,25.0,1,F,M,F,M,0.2590909090909091
33259,FMFM,29.0,5.0,21.0,16.0,19.0,0,24.0,1,F,M,F,M,0.2785714285714286
33272,MFMF,24.0,2.0,8.0,21.0,19.0,0,18.0,1,M,F,M,F,0.0875
33354,MFFM,14.0,6.0,6.0,11.0,8.0,0,14.0,1,M,F,F,M,0.1184210526315789
33423,FMFM,17.0,3.0,7.0,12.0,14.5,0,14.0,1,F,M,F,M,0.1084905660377358
33444,FMFM,21.0,3.0,13.0,13.0,18.0,1,21.0,1,F,M,F,M,0.1693548387096774
33673,MFMF,19.0,2.0,11.0,17.5,12.5,1,17.0,1,M,F,M,F,0.1416666666666666
33680,MFFM,20.0,3.0,19.0,10.5,14.5,1,17.0,1,M,F,F,M,0.31
33778,MFFM,12.0,4.0,8.0,8.0,8.0,1,8.0,1,M,F,F,M,0.1875
33850,FMFM,25.0,6.0,16.0,14.0,17.5,1,25.0,1,F,M,F,M,0.2261904761904762
33876,FFMM,9.0,1.0,7.0,5.0,8.5,1,9.0,1,F,F,M,M,0.1944444444444444
33934,FMMF,17.0,5.0,10.0,10.5,12.0,1,17.0,1,F,M,M,F,0.1833333333333333
33936,FMFM,17.0,0.0,6.0,14.0,15.0,1,17.0,2,F,M,F,M,0.0948275862068965
33941,MFFM,20.0,4.0,15.0,12.5,11.0,0,5.0,1,M,F,F,M,0.2925531914893617
33943,FMFM,16.0,4.0,11.0,8.5,13.0,0,5.0,1,F,M,F,M,0.2034883720930232
33951,MFMF,20.0,4.0,20.0,12.5,8.0,0,5.0,1,M,F,M,F,0.4329268292682927
33954,FMFM,16.0,0.0,11.0,10.5,12.5,0,5.0,2,F,M,F,M,0.217391304347826
33994,MMFF,24.0,6.0,15.0,21.0,11.5,0,24.0,1,M,M,F,F,0.1884615384615384
34115,FFMM,13.0,1.0,8.0,8.0,12.5,1,12.0,1,F,F,M,M,0.1524390243902439
34137,FFMM,18.0,4.0,14.0,8.0,16.0,0,4.0,1,F,F,M,M,0.2291666666666666
34317,FFMM,18.0,4.0,13.0,9.0,16.0,0,5.0,1,F,F,M,M,0.2
34321,MFMF,14.0,2.0,4.0,12.0,11.0,0,10.0,1,M,F,M,F,0.0760869565217391
34332,MMFF,13.0,3.0,8.0,11.5,6.5,0,10.0,1,M,M,F,F,0.1805555555555555
34376,MFFM,16.0,1.0,7.0,12.5,12.5,1,10.0,1,M,F,F,M,0.13
34407,MMFF,16.0,1.0,6.0,15.5,10.5,0,15.0,1,M,M,F,F,0.1057692307692307
34416,MFMF,25.0,8.0,12.0,20.0,15.0,0,15.0,1,M,F,M,F,0.1357142857142857
34493,FFMM,19.0,2.0,16.0,9.5,18.0,0,16.0,1,F,F,M,M,0.2227272727272727
34543,MFFM,18.0,6.0,11.0,12.5,11.5,1,12.0,1,M,F,F,M,0.1770833333333333
34615,MMFF,19.0,3.0,11.0,17.5,12.0,0,16.0,1,M,M,F,F,0.1398305084745762
34622,MFFM,31.0,16.0,22.0,20.0,13.5,0,9.0,1,M,F,F,M,0.2574626865671642
34716,MFMF,17.0,4.0,8.0,13.5,11.0,1,13.0,1,M,F,M,F,0.1377551020408163
34770,MMFF,18.0,4.0,7.0,16.0,11.0,1,11.0,1,M,M,F,F,0.1111111111111111
34772,FFMM,19.0,8.0,11.0,8.5,15.0,1,11.0,1,F,F,M,M,0.1861702127659574
34809,MFFM,19.0,7.0,15.0,11.5,10.5,1,12.0,1,M,F,F,M,0.2727272727272727
34814,FFMM,18.0,6.0,7.0,11.5,15.0,1,12.0,1,F,F,M,M,0.0990566037735849
34866,MFMF,32.0,16.0,27.0,20.0,10.5,0,8.0,1,M,F,M,F,0.3647540983606557
34878,MFFM,19.0,7.0,11.0,13.5,10.5,0,8.0,1,M,F,F,M,0.1875
34882,FFMM,17.0,1.0,12.0,7.0,16.5,0,5.0,1,F,F,M,M,0.2287234042553191
34883,MFFM,21.0,12.0,16.0,13.0,9.0,0,5.0,1,M,F,F,M,0.2727272727272727
34892,MFFM,24.0,8.0,19.0,14.5,12.0,0,5.0,1,M,F,F,M,0.3066037735849056
35000,FMMF,21.0,2.0,17.0,11.5,12.5,0,4.0,1,F,M,M,F,0.34375
35012,FFMM,12.0,2.0,10.0,3.0,11.0,0,2.0,1,F,F,M,M,0.3214285714285714
35018,FMFM,9.0,1.0,7.0,5.0,6.0,0,2.0,1,F,M,F,M,0.2954545454545454
35063,FMFM,13.0,0.0,6.0,10.0,12.5,0,7.0,2,F,M,F,M,0.1055555555555555
35065,MFMF,16.0,8.0,15.0,11.5,4.5,0,7.0,1,M,F,M,F,0.359375
35067,MFMF,16.0,7.0,12.0,11.5,6.5,0,7.0,1,M,F,M,F,0.2638888888888889
35073,MFFM,23.0,3.0,16.0,15.0,14.0,0,7.0,1,M,F,F,M,0.2586206896551724
35077,FFMM,14.0,5.0,7.0,8.0,11.5,0,7.0,1,F,F,M,M,0.1346153846153846
35080,FFMM,19.0,3.0,12.0,11.5,17.5,0,7.0,1,F,F,M,M,0.1551724137931034
35099,MFMF,13.0,3.0,10.0,10.5,6.5,1,10.0,1,M,F,M,F,0.2352941176470588
35136,FFMM,20.0,10.0,12.0,8.0,15.0,1,10.0,1,F,F,M,M,0.2065217391304347
35138,FMFM,16.0,3.0,10.0,9.5,13.0,1,10.0,1,F,M,F,M,0.1833333333333333
35385,MMFF,19.0,8.0,11.0,15.0,8.5,0,11.0,1,M,M,F,F,0.1861702127659574
35405,MFMF,12.0,2.0,11.0,7.0,5.5,0,2.0,1,M,F,M,F,0.41
35485,MFFM,32.0,8.0,22.0,21.0,21.0,0,10.0,1,M,F,F,M,0.2142857142857142
35537,MFMF,25.0,12.0,17.0,17.0,10.5,1,13.0,1,M,F,M,F,0.25
35541,FMFM,23.0,6.0,21.0,9.5,16.5,0,2.0,1,F,M,F,M,0.3365384615384615
35547,FMMF,21.0,4.0,21.0,9.5,10.5,0,2.0,1,F,M,M,F,0.4875
35550,FMFM,16.0,6.0,14.0,6.0,10.5,0,2.0,1,F,M,F,M,0.3560606060606061
35560,MFFM,20.0,4.0,18.0,11.0,13.0,0,2.0,1,M,F,F,M,0.3125
35566,MFMF,24.0,15.0,22.0,14.0,5.5,1,2.0,1,M,F,M,F,0.4551282051282051
35568,MMFF,25.0,14.0,23.0,18.0,5.0,1,2.0,1,M,M,F,F,0.391304347826087
35821,MFFM,31.0,8.0,19.0,21.5,19.5,1,23.0,1,M,F,F,M,0.1951219512195122
35822,FMMF,23.0,7.0,15.0,13.0,15.5,1,23.0,1,F,M,M,F,0.2236842105263158
35825,FFMM,25.0,2.0,25.0,4.5,24.0,1,23.0,1,F,F,M,M,0.3903508771929824
35828,FMFM,25.0,1.0,5.0,22.0,24.0,1,23.0,1,F,M,F,M,0.0434782608695652
35835,MFMF,24.0,1.0,12.0,22.0,17.5,1,23.0,1,M,F,M,F,0.1234177215189873
35840,FFMM,23.0,5.0,13.0,13.0,20.5,1,23.0,1,F,F,M,M,0.1529850746268656
35876,FMMF,24.0,4.0,16.0,16.0,16.0,0,20.0,1,F,M,M,F,0.21875
35920,FFMM,21.0,8.0,16.0,8.5,17.0,0,12.0,1,F,F,M,M,0.2401960784313725
35923,FMFM,19.0,1.0,3.0,17.0,18.0,0,16.0,1,F,M,F,M,0.0357142857142857
35931,MMFF,19.0,3.0,10.0,17.5,9.5,0,16.0,1,M,M,F,F,0.1666666666666666
35962,FMFM,16.0,2.0,7.0,11.5,13.5,0,14.0,1,F,M,F,M,0.12
35977,FMFM,16.0,2.0,7.0,11.5,13.5,0,14.0,1,F,M,F,M,0.12
